index,ref_authors_full,ref_authors_affils,pred,gt,query
229,Grant Waterer,"Departments of 1Infectious Diseases and 2Respiratory and Sleep Medicine, Austin Health, Heidelberg, VIC 3084, Australia. patrick.charles@austin.org.au",M,M,"https://www.google.com/search?q=Grant+Waterer+.homepage.Departments+of+1Infectious+Diseases+and+2Respiratory+and+Sleep+Medicine,+Austin+Health,+Heidelberg,+VIC+3084,+Australia.+patrick.charles@austin.org.au"
258,Brenda Sandmaier,"Fred Hutchinson Cancer Research Center, 1100 Fairview Ave N, D1-100, PO Box 19024, Seattle, WA 98109-1024, USA.",F,F,"https://www.google.com/search?q=Brenda+Sandmaier+.homepage.Fred+Hutchinson+Cancer+Research+Center,+1100+Fairview+Ave+N,+D1-100,+PO+Box+19024,+Seattle,+WA+98109-1024,+USA."
59,Timothy Sterling,"VA Connecticut Health Systems, West Haven, Connecticut, USA.",M,M,"https://www.google.com/search?q=Timothy+Sterling+.homepage.VA+Connecticut+Health+Systems,+West+Haven,+Connecticut,+USA."
107,Felicity Enders,"Division of Gastroenterology and Hepatology, Mayo Clinic College of Medicine, Rochester, MN 55905, USA. angulohernandez.paul@mayo.edu",F,F,"https://www.google.com/search?q=Felicity+Enders+.homepage.Division+of+Gastroenterology+and+Hepatology,+Mayo+Clinic+College+of+Medicine,+Rochester,+MN+55905,+USA.+angulohernandez.paul@mayo.edu"
207,Valentín Valdés,"Respiratory Department , Hospital Ramón y Cajal and Alcalá de Henares University, 28034 Madrid, Spain. djc_69_98@yahoo.com",M,X,"https://www.google.com/search?q=Valentín+Valdés+.homepage.Respiratory+Department+,+Hospital+Ramón+y+Cajal+and+Alcalá+de+Henares+University,+28034+Madrid,+Spain.+djc_69_98@yahoo.com"
275,Karen Sellers,"Division of Emergency Medicine, University of California-San Francisco, San Francisco, CA 94304, USA. quinnj@stanford.edu",xwx,X,"https://www.google.com/search?q=Karen+Sellers+.homepage.Division+of+Emergency+Medicine,+University+of+California-San+Francisco,+San+Francisco,+CA+94304,+USA.+quinnj@stanford.edu"
109,Philip Mease,"University of Otago, Wellington, New Zealand. will.taylor@otago.ac.nz",M,X,"https://www.google.com/search?q=Philip+Mease+.homepage.University+of+Otago,+Wellington,+New+Zealand.+will.taylor@otago.ac.nz"
63,Jennifer Mammen,"Julie R. Brahmer, Johns Hopkins Kimmel Cancer Center; Jennifer S. Mammen, Johns Hopkins University, Baltimore, MD; Christina Lacchetti, American Society of Clinical Oncology, Alexandria; Alexander Spira, Virginia Cancer Specialists and US Oncology Research, Fairfax, VA; Bryan J. Schneider, University of Michigan Health System, Ann Arbor, MI; Michael B. Atkins, Georgetown Lombardi Comprehensive Cancer Center; Cristina A. Reichner, Georgetown University; Laura D. Porter, Colon Cancer Alliance; Washington, DC; Kelly J. Brassil, Aung Naing, Loretta J. Nastoupil, Maria E. Suarez-Almazor, and Yinghong Wang, MD Anderson Cancer Center, Houston, TX; Jeffrey M. Caterino, The Ohio State University Wexner Medical Center, Columbus, OH; Ian Chau, The Royal Marsden Hospital and Institute of Cancer Research, London and Surrey, United Kingdom; Marc S. Ernstoff and Igor Puzanov, Roswell Park Cancer Institute, Buffalo; Bianca D. Santomasso and Jedd D. Wolchok, Memorial Sloan Kettering Cancer Center; Jeffrey S. Weber, New York University Langone Medical Center, New York, NY; Pamela Ginex, Oncology Nursing Society, Pittsburgh, PA; Jennifer M. Gardner, Seattle Cancer Care Alliance and University of Washington, Seattle, WA; Sigrun Hallmeyer, Oncology Specialists SC, Park Ridge, IL; Jennifer Holter Chakrabarty, University of Oklahoma, Stephenson Cancer Center, Oklahoma City, OK; Natasha B. Leighl, Princess Margaret Cancer Centre, Toronto, Ontario, Canada; David F. McDermott, Beth Israel Deaconess Medical Center; Carole Seigel, Massachusetts General Hospital Cancer Center, Boston, MA; John A. Thompson, Seattle Cancer Care Alliance, University of Washington, and the Fred Hutchinson Cancer Research Center, Seattle, WA; and Tanyanika Phillips, CHRISTUS St Frances Cabrini Cancer Center, Alexandria, LA.",F,F,"https://www.google.com/search?q=Jennifer+Mammen+.homepage.Julie+R.+Brahmer,+Johns+Hopkins+Kimmel+Cancer+Center;+Jennifer+S.+Mammen,+Johns+Hopkins+University,+Baltimore,+MD;+Christina+Lacchetti,+American+Society+of+Clinical+Oncology,+Alexandria;+Alexander+Spira,+Virginia+Cancer+Specialists+and+US+Oncology+Research,+Fairfax,+VA;+Bryan+J.+Schneider,+University+of+Michigan+Health+System,+Ann+Arbor,+MI;+Michael+B.+Atkins,+Georgetown+Lombardi+Comprehensive+Cancer+Center;+Cristina+A.+Reichner,+Georgetown+University;+Laura+D.+Porter,+Colon+Cancer+Alliance;+Washington,+DC;+Kelly+J.+Brassil,+Aung+Naing,+Loretta+J.+Nastoupil,+Maria+E.+Suarez-Almazor,+and+Yinghong+Wang,+MD+Anderson+Cancer+Center,+Houston,+TX;+Jeffrey+M.+Caterino,+The+Ohio+State+University+Wexner+Medical+Center,+Columbus,+OH;+Ian+Chau,+The+Royal+Marsden+Hospital+and+Institute+of+Cancer+Research,+London+and+Surrey,+United+Kingdom;+Marc+S.+Ernstoff+and+Igor+Puzanov,+Roswell+Park+Cancer+Institute,+Buffalo;+Bianca+D.+Santomasso+and+Jedd+D.+Wolchok,+Memorial+Sloan+Kettering+Cancer+Center;+Jeffrey+S.+Weber,+New+York+University+Langone+Medical+Center,+New+York,+NY;+Pamela+Ginex,+Oncology+Nursing+Society,+Pittsburgh,+PA;+Jennifer+M.+Gardner,+Seattle+Cancer+Care+Alliance+and+University+of+Washington,+Seattle,+WA;+Sigrun+Hallmeyer,+Oncology+Specialists+SC,+Park+Ridge,+IL;+Jennifer+Holter+Chakrabarty,+University+of+Oklahoma,+Stephenson+Cancer+Center,+Oklahoma+City,+OK;+Natasha+B.+Leighl,+Princess+Margaret+Cancer+Centre,+Toronto,+Ontario,+Canada;+David+F.+McDermott,+Beth+Israel+Deaconess+Medical+Center;+Carole+Seigel,+Massachusetts+General+Hospital+Cancer+Center,+Boston,+MA;+John+A.+Thompson,+Seattle+Cancer+Care+Alliance,+University+of+Washington,+and+the+Fred+Hutchinson+Cancer+Research+Center,+Seattle,+WA;+and+Tanyanika+Phillips,+CHRISTUS+St+Frances+Cabrini+Cancer+Center,+Alexandria,+LA."
151,Phyo Kyaw Myint,"Norwich Medical School, Faculty of Medicine and Health Sciences, University of East Anglia, Norwich, Norfolk, UK; Stroke Research Group, Norfolk and Norwich University Hospital, Norwich, Norfolk, UK; Clinical Gerontology Unit, University of Cambridge, Cambridge, Cambridgeshire, UK.",M,M,"https://www.google.com/search?q=Phyo+Kyaw+Myint+.homepage.Norwich+Medical+School,+Faculty+of+Medicine+and+Health+Sciences,+University+of+East+Anglia,+Norwich,+Norfolk,+UK;+Stroke+Research+Group,+Norfolk+and+Norwich+University+Hospital,+Norwich,+Norfolk,+UK;+Clinical+Gerontology+Unit,+University+of+Cambridge,+Cambridge,+Cambridgeshire,+UK."
161,Xiaoxi Zeng,"Renal Division, Department of Medicine, Brigham and Women's Hospital, Harvard Medical School, Boston, Massachusetts2Framingham Heart Study, National Heart, Lung, and Blood Institute, and Center for Population Studies, Framingham, Massachusetts.",F,X,"https://www.google.com/search?q=Xiaoxi+Zeng+.homepage.Renal+Division,+Department+of+Medicine,+Brigham+and+Women's+Hospital,+Harvard+Medical+School,+Boston,+Massachusetts2Framingham+Heart+Study,+National+Heart,+Lung,+and+Blood+Institute,+and+Center+for+Population+Studies,+Framingham,+Massachusetts."
226,Philip Wells,"Thrombosis Program, Division of Hematology, Department of Medicine, University of Ottawa, Ottawa, Ont. mrodger@ohri.ca",M,M,"https://www.google.com/search?q=Philip+Wells+.homepage.Thrombosis+Program,+Division+of+Hematology,+Department+of+Medicine,+University+of+Ottawa,+Ottawa,+Ont.+mrodger@ohri.ca"
63,Julie Brahmer,"Julie R. Brahmer, Johns Hopkins Kimmel Cancer Center; Jennifer S. Mammen, Johns Hopkins University, Baltimore, MD; Christina Lacchetti, American Society of Clinical Oncology, Alexandria; Alexander Spira, Virginia Cancer Specialists and US Oncology Research, Fairfax, VA; Bryan J. Schneider, University of Michigan Health System, Ann Arbor, MI; Michael B. Atkins, Georgetown Lombardi Comprehensive Cancer Center; Cristina A. Reichner, Georgetown University; Laura D. Porter, Colon Cancer Alliance; Washington, DC; Kelly J. Brassil, Aung Naing, Loretta J. Nastoupil, Maria E. Suarez-Almazor, and Yinghong Wang, MD Anderson Cancer Center, Houston, TX; Jeffrey M. Caterino, The Ohio State University Wexner Medical Center, Columbus, OH; Ian Chau, The Royal Marsden Hospital and Institute of Cancer Research, London and Surrey, United Kingdom; Marc S. Ernstoff and Igor Puzanov, Roswell Park Cancer Institute, Buffalo; Bianca D. Santomasso and Jedd D. Wolchok, Memorial Sloan Kettering Cancer Center; Jeffrey S. Weber, New York University Langone Medical Center, New York, NY; Pamela Ginex, Oncology Nursing Society, Pittsburgh, PA; Jennifer M. Gardner, Seattle Cancer Care Alliance and University of Washington, Seattle, WA; Sigrun Hallmeyer, Oncology Specialists SC, Park Ridge, IL; Jennifer Holter Chakrabarty, University of Oklahoma, Stephenson Cancer Center, Oklahoma City, OK; Natasha B. Leighl, Princess Margaret Cancer Centre, Toronto, Ontario, Canada; David F. McDermott, Beth Israel Deaconess Medical Center; Carole Seigel, Massachusetts General Hospital Cancer Center, Boston, MA; John A. Thompson, Seattle Cancer Care Alliance, University of Washington, and the Fred Hutchinson Cancer Research Center, Seattle, WA; and Tanyanika Phillips, CHRISTUS St Frances Cabrini Cancer Center, Alexandria, LA.",F,F,"https://www.google.com/search?q=Julie+Brahmer+.homepage.Julie+R.+Brahmer,+Johns+Hopkins+Kimmel+Cancer+Center;+Jennifer+S.+Mammen,+Johns+Hopkins+University,+Baltimore,+MD;+Christina+Lacchetti,+American+Society+of+Clinical+Oncology,+Alexandria;+Alexander+Spira,+Virginia+Cancer+Specialists+and+US+Oncology+Research,+Fairfax,+VA;+Bryan+J.+Schneider,+University+of+Michigan+Health+System,+Ann+Arbor,+MI;+Michael+B.+Atkins,+Georgetown+Lombardi+Comprehensive+Cancer+Center;+Cristina+A.+Reichner,+Georgetown+University;+Laura+D.+Porter,+Colon+Cancer+Alliance;+Washington,+DC;+Kelly+J.+Brassil,+Aung+Naing,+Loretta+J.+Nastoupil,+Maria+E.+Suarez-Almazor,+and+Yinghong+Wang,+MD+Anderson+Cancer+Center,+Houston,+TX;+Jeffrey+M.+Caterino,+The+Ohio+State+University+Wexner+Medical+Center,+Columbus,+OH;+Ian+Chau,+The+Royal+Marsden+Hospital+and+Institute+of+Cancer+Research,+London+and+Surrey,+United+Kingdom;+Marc+S.+Ernstoff+and+Igor+Puzanov,+Roswell+Park+Cancer+Institute,+Buffalo;+Bianca+D.+Santomasso+and+Jedd+D.+Wolchok,+Memorial+Sloan+Kettering+Cancer+Center;+Jeffrey+S.+Weber,+New+York+University+Langone+Medical+Center,+New+York,+NY;+Pamela+Ginex,+Oncology+Nursing+Society,+Pittsburgh,+PA;+Jennifer+M.+Gardner,+Seattle+Cancer+Care+Alliance+and+University+of+Washington,+Seattle,+WA;+Sigrun+Hallmeyer,+Oncology+Specialists+SC,+Park+Ridge,+IL;+Jennifer+Holter+Chakrabarty,+University+of+Oklahoma,+Stephenson+Cancer+Center,+Oklahoma+City,+OK;+Natasha+B.+Leighl,+Princess+Margaret+Cancer+Centre,+Toronto,+Ontario,+Canada;+David+F.+McDermott,+Beth+Israel+Deaconess+Medical+Center;+Carole+Seigel,+Massachusetts+General+Hospital+Cancer+Center,+Boston,+MA;+John+A.+Thompson,+Seattle+Cancer+Care+Alliance,+University+of+Washington,+and+the+Fred+Hutchinson+Cancer+Research+Center,+Seattle,+WA;+and+Tanyanika+Phillips,+CHRISTUS+St+Frances+Cabrini+Cancer+Center,+Alexandria,+LA."
174,David Mant,"Primary Care and Population Science, Faculty of Medicine University of Southampton, UK. p.little@soton.ac.uk",M,X,"https://www.google.com/search?q=David+Mant+.homepage.Primary+Care+and+Population+Science,+Faculty+of+Medicine+University+of+Southampton,+UK.+p.little@soton.ac.uk"
194,Niela Pomernacki,"Department of Medicine, University of California, San Francisco, San Francisco, California, USA. mfang@medicine.ucsf.edu",F,X,"https://www.google.com/search?q=Niela+Pomernacki+.homepage.Department+of+Medicine,+University+of+California,+San+Francisco,+San+Francisco,+California,+USA.+mfang@medicine.ucsf.edu"
58,Francis Wilson,"Department of Internal Medicine, Yale University School of Medicine, New Haven, CT; Center for Outcomes Research and Evaluation, Yale New Haven Hospital, New Haven, CT.",M,M,"https://www.google.com/search?q=Francis+Wilson+.homepage.Department+of+Internal+Medicine,+Yale+University+School+of+Medicine,+New+Haven,+CT;+Center+for+Outcomes+Research+and+Evaluation,+Yale+New+Haven+Hospital,+New+Haven,+CT."
106,Amy Ernst,"University of New Mexico Medical Center, Albuquerque, NM 87131-0001, USA. sweiss52@aol.com",F,F,"https://www.google.com/search?q=Amy+Ernst+.homepage.University+of+New+Mexico+Medical+Center,+Albuquerque,+NM+87131-0001,+USA.+sweiss52@aol.com"
71,Samuel Nurko,"Pediatric pain center, Boston Children's Hospital, Boston Ma, USA.",M,M,"https://www.google.com/search?q=Samuel+Nurko+.homepage.Pediatric+pain+center,+Boston+Children's+Hospital,+Boston+Ma,+USA."
62,Natasha Leighl,"Julie R. Brahmer, Johns Hopkins Kimmel Cancer Center; Jennifer S. Mammen, Johns Hopkins University, Baltimore, MD; Christina Lacchetti, American Society of Clinical Oncology, Alexandria; Alexander Spira, Virginia Cancer Specialists and US Oncology Research, Fairfax, VA; Bryan J. Schneider, University of Michigan Health System, Ann Arbor, MI; Michael B. Atkins, Georgetown Lombardi Comprehensive Cancer Center; Cristina A. Reichner, Georgetown University; Laura D. Porter, Colon Cancer Alliance; Washington, DC; Kelly J. Brassil, Aung Naing, Loretta J. Nastoupil, Maria E. Suarez-Almazor, and Yinghong Wang, MD Anderson Cancer Center, Houston, TX; Jeffrey M. Caterino, The Ohio State University Wexner Medical Center, Columbus, OH; Ian Chau, The Royal Marsden Hospital and Institute of Cancer Research, London and Surrey, United Kingdom; Marc S. Ernstoff and Igor Puzanov, Roswell Park Cancer Institute, Buffalo; Bianca D. Santomasso and Jedd D. Wolchok, Memorial Sloan Kettering Cancer Center; Jeffrey S. Weber, New York University Langone Medical Center, New York, NY; Pamela Ginex, Oncology Nursing Society, Pittsburgh, PA; Jennifer M. Gardner, Seattle Cancer Care Alliance and University of Washington, Seattle, WA; Sigrun Hallmeyer, Oncology Specialists SC, Park Ridge, IL; Jennifer Holter Chakrabarty, University of Oklahoma, Stephenson Cancer Center, Oklahoma City, OK; Natasha B. Leighl, Princess Margaret Cancer Centre, Toronto, Ontario, Canada; David F. McDermott, Beth Israel Deaconess Medical Center; Carole Seigel, Massachusetts General Hospital Cancer Center, Boston, MA; John A. Thompson, Seattle Cancer Care Alliance, University of Washington, and the Fred Hutchinson Cancer Research Center, Seattle, WA; and Tanyanika Phillips, CHRISTUS St Frances Cabrini Cancer Center, Alexandria, LA.",F,F,"https://www.google.com/search?q=Natasha+Leighl+.homepage.Julie+R.+Brahmer,+Johns+Hopkins+Kimmel+Cancer+Center;+Jennifer+S.+Mammen,+Johns+Hopkins+University,+Baltimore,+MD;+Christina+Lacchetti,+American+Society+of+Clinical+Oncology,+Alexandria;+Alexander+Spira,+Virginia+Cancer+Specialists+and+US+Oncology+Research,+Fairfax,+VA;+Bryan+J.+Schneider,+University+of+Michigan+Health+System,+Ann+Arbor,+MI;+Michael+B.+Atkins,+Georgetown+Lombardi+Comprehensive+Cancer+Center;+Cristina+A.+Reichner,+Georgetown+University;+Laura+D.+Porter,+Colon+Cancer+Alliance;+Washington,+DC;+Kelly+J.+Brassil,+Aung+Naing,+Loretta+J.+Nastoupil,+Maria+E.+Suarez-Almazor,+and+Yinghong+Wang,+MD+Anderson+Cancer+Center,+Houston,+TX;+Jeffrey+M.+Caterino,+The+Ohio+State+University+Wexner+Medical+Center,+Columbus,+OH;+Ian+Chau,+The+Royal+Marsden+Hospital+and+Institute+of+Cancer+Research,+London+and+Surrey,+United+Kingdom;+Marc+S.+Ernstoff+and+Igor+Puzanov,+Roswell+Park+Cancer+Institute,+Buffalo;+Bianca+D.+Santomasso+and+Jedd+D.+Wolchok,+Memorial+Sloan+Kettering+Cancer+Center;+Jeffrey+S.+Weber,+New+York+University+Langone+Medical+Center,+New+York,+NY;+Pamela+Ginex,+Oncology+Nursing+Society,+Pittsburgh,+PA;+Jennifer+M.+Gardner,+Seattle+Cancer+Care+Alliance+and+University+of+Washington,+Seattle,+WA;+Sigrun+Hallmeyer,+Oncology+Specialists+SC,+Park+Ridge,+IL;+Jennifer+Holter+Chakrabarty,+University+of+Oklahoma,+Stephenson+Cancer+Center,+Oklahoma+City,+OK;+Natasha+B.+Leighl,+Princess+Margaret+Cancer+Centre,+Toronto,+Ontario,+Canada;+David+F.+McDermott,+Beth+Israel+Deaconess+Medical+Center;+Carole+Seigel,+Massachusetts+General+Hospital+Cancer+Center,+Boston,+MA;+John+A.+Thompson,+Seattle+Cancer+Care+Alliance,+University+of+Washington,+and+the+Fred+Hutchinson+Cancer+Research+Center,+Seattle,+WA;+and+Tanyanika+Phillips,+CHRISTUS+St+Frances+Cabrini+Cancer+Center,+Alexandria,+LA."
94,Steven Teutsch,"Weill Medical College of Cornell University, Columbia University College of Physicians and Surgeons, and FOJP Service Corporation, New York, NY 10065, USA. heb2013@med.cornell.edu",M,M,"https://www.google.com/search?q=Steven+Teutsch+.homepage.Weill+Medical+College+of+Cornell+University,+Columbia+University+College+of+Physicians+and+Surgeons,+and+FOJP+Service+Corporation,+New+York,+NY+10065,+USA.+heb2013@med.cornell.edu"
198,Adria Font,"Department of Anesthesiology, Hospital Universitari Germans Trias i Pujol, Universitat Autònoma de Barcelona, Badalona, Spain. jcanet.germanstrias@gencat.cat",F,X,"https://www.google.com/search?q=Adria+Font+.homepage.Department+of+Anesthesiology,+Hospital+Universitari+Germans+Trias+i+Pujol,+Universitat+Autònoma+de+Barcelona,+Badalona,+Spain.+jcanet.germanstrias@gencat.cat"
24,Pablo Bellot,"Liver Unit, Institut Clínic Malalties Digestives i Metabòliques, Hospital Clinic, and Centro de Investigación Biomédica Esther Koplowitz, Barcelona, Catalonia, Spain.",M,X,"https://www.google.com/search?q=Pablo+Bellot+.homepage.Liver+Unit,+Institut+Clínic+Malalties+Digestives+i+Metabòliques,+Hospital+Clinic,+and+Centro+de+Investigación+Biomédica+Esther+Koplowitz,+Barcelona,+Catalonia,+Spain."
207,Rosario Sánchez,"Respiratory Department , Hospital Ramón y Cajal and Alcalá de Henares University, 28034 Madrid, Spain. djc_69_98@yahoo.com",F,X,"https://www.google.com/search?q=Rosario+Sánchez+.homepage.Respiratory+Department+,+Hospital+Ramón+y+Cajal+and+Alcalá+de+Henares+University,+28034+Madrid,+Spain.+djc_69_98@yahoo.com"
1,Angel Luis Samperiz,"Servicio de Medicina Interna, Hospital de la Princesa, Madrid, Spain.",M,M,"https://www.google.com/search?q=Angel+Luis+Samperiz+.homepage.Servicio+de+Medicina+Interna,+Hospital+de+la+Princesa,+Madrid,+Spain."
164,Amy Justice,"Yale University School of Medicine, West Haven, CT, USA. Janet.Tate2@va.gov",F,F,"https://www.google.com/search?q=Amy+Justice+.homepage.Yale+University+School+of+Medicine,+West+Haven,+CT,+USA.+Janet.Tate2@va.gov"
151,Gary Ford,"Norwich Medical School, Faculty of Medicine and Health Sciences, University of East Anglia, Norwich, Norfolk, UK; Stroke Research Group, Norfolk and Norwich University Hospital, Norwich, Norfolk, UK; Clinical Gerontology Unit, University of Cambridge, Cambridge, Cambridgeshire, UK.",M,M,"https://www.google.com/search?q=Gary+Ford+.homepage.Norwich+Medical+School,+Faculty+of+Medicine+and+Health+Sciences,+University+of+East+Anglia,+Norwich,+Norfolk,+UK;+Stroke+Research+Group,+Norfolk+and+Norwich+University+Hospital,+Norwich,+Norfolk,+UK;+Clinical+Gerontology+Unit,+University+of+Cambridge,+Cambridge,+Cambridgeshire,+UK."
230,Nicole Kuderer,"James P. Wilmot Cancer Center and the Department of Medicine, University of Rochester, NY, USA. alok_khorana@urmc.rochester.edu",F,F,"https://www.google.com/search?q=Nicole+Kuderer+.homepage.James+P.+Wilmot+Cancer+Center+and+the+Department+of+Medicine,+University+of+Rochester,+NY,+USA.+alok_khorana@urmc.rochester.edu"
170,Booker King,"U.S. Army Institute of Surgical Research, Fort Sam Houston, Texas, USA.",M,M,"https://www.google.com/search?q=Booker+King+.homepage.U.S.+Army+Institute+of+Surgical+Research,+Fort+Sam+Houston,+Texas,+USA."
61,Christina Lacchetti,"Julie R. Brahmer, Johns Hopkins Kimmel Cancer Center; Jennifer S. Mammen, Johns Hopkins University, Baltimore, MD; Christina Lacchetti, American Society of Clinical Oncology, Alexandria; Alexander Spira, Virginia Cancer Specialists and US Oncology Research, Fairfax, VA; Bryan J. Schneider, University of Michigan Health System, Ann Arbor, MI; Michael B. Atkins, Georgetown Lombardi Comprehensive Cancer Center; Cristina A. Reichner, Georgetown University; Laura D. Porter, Colon Cancer Alliance; Washington, DC; Kelly J. Brassil, Aung Naing, Loretta J. Nastoupil, Maria E. Suarez-Almazor, and Yinghong Wang, MD Anderson Cancer Center, Houston, TX; Jeffrey M. Caterino, The Ohio State University Wexner Medical Center, Columbus, OH; Ian Chau, The Royal Marsden Hospital and Institute of Cancer Research, London and Surrey, United Kingdom; Marc S. Ernstoff and Igor Puzanov, Roswell Park Cancer Institute, Buffalo; Bianca D. Santomasso and Jedd D. Wolchok, Memorial Sloan Kettering Cancer Center; Jeffrey S. Weber, New York University Langone Medical Center, New York, NY; Pamela Ginex, Oncology Nursing Society, Pittsburgh, PA; Jennifer M. Gardner, Seattle Cancer Care Alliance and University of Washington, Seattle, WA; Sigrun Hallmeyer, Oncology Specialists SC, Park Ridge, IL; Jennifer Holter Chakrabarty, University of Oklahoma, Stephenson Cancer Center, Oklahoma City, OK; Natasha B. Leighl, Princess Margaret Cancer Centre, Toronto, Ontario, Canada; David F. McDermott, Beth Israel Deaconess Medical Center; Carole Seigel, Massachusetts General Hospital Cancer Center, Boston, MA; John A. Thompson, Seattle Cancer Care Alliance, University of Washington, and the Fred Hutchinson Cancer Research Center, Seattle, WA; and Tanyanika Phillips, CHRISTUS St Frances Cabrini Cancer Center, Alexandria, LA.",F,X,"https://www.google.com/search?q=Christina+Lacchetti+.homepage.Julie+R.+Brahmer,+Johns+Hopkins+Kimmel+Cancer+Center;+Jennifer+S.+Mammen,+Johns+Hopkins+University,+Baltimore,+MD;+Christina+Lacchetti,+American+Society+of+Clinical+Oncology,+Alexandria;+Alexander+Spira,+Virginia+Cancer+Specialists+and+US+Oncology+Research,+Fairfax,+VA;+Bryan+J.+Schneider,+University+of+Michigan+Health+System,+Ann+Arbor,+MI;+Michael+B.+Atkins,+Georgetown+Lombardi+Comprehensive+Cancer+Center;+Cristina+A.+Reichner,+Georgetown+University;+Laura+D.+Porter,+Colon+Cancer+Alliance;+Washington,+DC;+Kelly+J.+Brassil,+Aung+Naing,+Loretta+J.+Nastoupil,+Maria+E.+Suarez-Almazor,+and+Yinghong+Wang,+MD+Anderson+Cancer+Center,+Houston,+TX;+Jeffrey+M.+Caterino,+The+Ohio+State+University+Wexner+Medical+Center,+Columbus,+OH;+Ian+Chau,+The+Royal+Marsden+Hospital+and+Institute+of+Cancer+Research,+London+and+Surrey,+United+Kingdom;+Marc+S.+Ernstoff+and+Igor+Puzanov,+Roswell+Park+Cancer+Institute,+Buffalo;+Bianca+D.+Santomasso+and+Jedd+D.+Wolchok,+Memorial+Sloan+Kettering+Cancer+Center;+Jeffrey+S.+Weber,+New+York+University+Langone+Medical+Center,+New+York,+NY;+Pamela+Ginex,+Oncology+Nursing+Society,+Pittsburgh,+PA;+Jennifer+M.+Gardner,+Seattle+Cancer+Care+Alliance+and+University+of+Washington,+Seattle,+WA;+Sigrun+Hallmeyer,+Oncology+Specialists+SC,+Park+Ridge,+IL;+Jennifer+Holter+Chakrabarty,+University+of+Oklahoma,+Stephenson+Cancer+Center,+Oklahoma+City,+OK;+Natasha+B.+Leighl,+Princess+Margaret+Cancer+Centre,+Toronto,+Ontario,+Canada;+David+F.+McDermott,+Beth+Israel+Deaconess+Medical+Center;+Carole+Seigel,+Massachusetts+General+Hospital+Cancer+Center,+Boston,+MA;+John+A.+Thompson,+Seattle+Cancer+Care+Alliance,+University+of+Washington,+and+the+Fred+Hutchinson+Cancer+Research+Center,+Seattle,+WA;+and+Tanyanika+Phillips,+CHRISTUS+St+Frances+Cabrini+Cancer+Center,+Alexandria,+LA."
283,Henrik Højgaard Rasmussen,"Nutrition Unit, Rigshospitalet, Copenhagen, Denmark.",M,X,"https://www.google.com/search?q=Henrik+Højgaard+Rasmussen+.homepage.Nutrition+Unit,+Rigshospitalet,+Copenhagen,+Denmark."
225,Eva Hoster,"Department of Internal Medicine III, University of Munich, Germany.",F,X,"https://www.google.com/search?q=Eva+Hoster+.homepage.Department+of+Internal+Medicine+III,+University+of+Munich,+Germany."
150,Nelson Hamerschlak,"Department of Stem Cell Transplantation and Cellular Therapy, The University of Texas MD Anderson Cancer Center, Houston, Texas.",M,X,"https://www.google.com/search?q=Nelson+Hamerschlak+.homepage.Department+of+Stem+Cell+Transplantation+and+Cellular+Therapy,+The+University+of+Texas+MD+Anderson+Cancer+Center,+Houston,+Texas."
160,Renée Douma,"Julius Center for Health Sciences and Primary Care, University Medical Center Utrecht, PO Box 85500, 3508GA Utrecht, Netherlands.",F,X,"https://www.google.com/search?q=Renée+Douma+.homepage.Julius+Center+for+Health+Sciences+and+Primary+Care,+University+Medical+Center+Utrecht,+PO+Box+85500,+3508GA+Utrecht,+Netherlands."
146,David Pilcher,"1 Australian and New Zealand Intensive Care Research Centre, Department of Epidemiology and Preventive Medicine, School of Public Health, Monash University, Melbourne, Australia.",M,M,"https://www.google.com/search?q=David+Pilcher+.homepage.1+Australian+and+New+Zealand+Intensive+Care+Research+Centre,+Department+of+Epidemiology+and+Preventive+Medicine,+School+of+Public+Health,+Monash+University,+Melbourne,+Australia."
219,Wanling Xie,"FRCPC, Department of Medical Oncology, Tom Baker Cancer Center, University of Calgary, Calgary, Alberta, Canada. daniel.heng@cancerboard.ab.ca",F,F,"https://www.google.com/search?q=Wanling+Xie+.homepage.FRCPC,+Department+of+Medical+Oncology,+Tom+Baker+Cancer+Center,+University+of+Calgary,+Calgary,+Alberta,+Canada.+daniel.heng@cancerboard.ab.ca"
214,Richard Johannes,"Clinical Research Services, Cardinal Health, Marlborough, Massachusetts, USA.",M,X,"https://www.google.com/search?q=Richard+Johannes+.homepage.Clinical+Research+Services,+Cardinal+Health,+Marlborough,+Massachusetts,+USA."
147,Anne Catherine Miller,"Internal Medicine, Icahn School of Medicine at Mount Sinai, New York, NY, USA.",F,X,"https://www.google.com/search?q=Anne+Catherine+Miller+.homepage.Internal+Medicine,+Icahn+School+of+Medicine+at+Mount+Sinai,+New+York,+NY,+USA."
198,Onel Morales,"Department of Anesthesiology, Hospital Universitari Germans Trias i Pujol, Universitat Autònoma de Barcelona, Badalona, Spain. jcanet.germanstrias@gencat.cat",M,X,"https://www.google.com/search?q=Onel+Morales+.homepage.Department+of+Anesthesiology,+Hospital+Universitari+Germans+Trias+i+Pujol,+Universitat+Autònoma+de+Barcelona,+Badalona,+Spain.+jcanet.germanstrias@gencat.cat"
171,Sarah Clarke,"Department of Anaesthesia and Pain Medicine, Royal Perth Hospital, Level 4, North Block, Wellington Street, Perth, Western Australia. tomas.corcoran@health.wa.gov.au",F,X,"https://www.google.com/search?q=Sarah+Clarke+.homepage.Department+of+Anaesthesia+and+Pain+Medicine,+Royal+Perth+Hospital,+Level+4,+North+Block,+Wellington+Street,+Perth,+Western+Australia.+tomas.corcoran@health.wa.gov.au"
120,Michael Kass,"Department of Ophthalmology and Visual Sciences, Washington University School of Medicine, St Louis, MO 63110, USA.",M,M,"https://www.google.com/search?q=Michael+Kass+.homepage.Department+of+Ophthalmology+and+Visual+Sciences,+Washington+University+School+of+Medicine,+St+Louis,+MO+63110,+USA."
61,Laura Porter,"Julie R. Brahmer, Johns Hopkins Kimmel Cancer Center; Jennifer S. Mammen, Johns Hopkins University, Baltimore, MD; Christina Lacchetti, American Society of Clinical Oncology, Alexandria; Alexander Spira, Virginia Cancer Specialists and US Oncology Research, Fairfax, VA; Bryan J. Schneider, University of Michigan Health System, Ann Arbor, MI; Michael B. Atkins, Georgetown Lombardi Comprehensive Cancer Center; Cristina A. Reichner, Georgetown University; Laura D. Porter, Colon Cancer Alliance; Washington, DC; Kelly J. Brassil, Aung Naing, Loretta J. Nastoupil, Maria E. Suarez-Almazor, and Yinghong Wang, MD Anderson Cancer Center, Houston, TX; Jeffrey M. Caterino, The Ohio State University Wexner Medical Center, Columbus, OH; Ian Chau, The Royal Marsden Hospital and Institute of Cancer Research, London and Surrey, United Kingdom; Marc S. Ernstoff and Igor Puzanov, Roswell Park Cancer Institute, Buffalo; Bianca D. Santomasso and Jedd D. Wolchok, Memorial Sloan Kettering Cancer Center; Jeffrey S. Weber, New York University Langone Medical Center, New York, NY; Pamela Ginex, Oncology Nursing Society, Pittsburgh, PA; Jennifer M. Gardner, Seattle Cancer Care Alliance and University of Washington, Seattle, WA; Sigrun Hallmeyer, Oncology Specialists SC, Park Ridge, IL; Jennifer Holter Chakrabarty, University of Oklahoma, Stephenson Cancer Center, Oklahoma City, OK; Natasha B. Leighl, Princess Margaret Cancer Centre, Toronto, Ontario, Canada; David F. McDermott, Beth Israel Deaconess Medical Center; Carole Seigel, Massachusetts General Hospital Cancer Center, Boston, MA; John A. Thompson, Seattle Cancer Care Alliance, University of Washington, and the Fred Hutchinson Cancer Research Center, Seattle, WA; and Tanyanika Phillips, CHRISTUS St Frances Cabrini Cancer Center, Alexandria, LA.",F,F,"https://www.google.com/search?q=Laura+Porter+.homepage.Julie+R.+Brahmer,+Johns+Hopkins+Kimmel+Cancer+Center;+Jennifer+S.+Mammen,+Johns+Hopkins+University,+Baltimore,+MD;+Christina+Lacchetti,+American+Society+of+Clinical+Oncology,+Alexandria;+Alexander+Spira,+Virginia+Cancer+Specialists+and+US+Oncology+Research,+Fairfax,+VA;+Bryan+J.+Schneider,+University+of+Michigan+Health+System,+Ann+Arbor,+MI;+Michael+B.+Atkins,+Georgetown+Lombardi+Comprehensive+Cancer+Center;+Cristina+A.+Reichner,+Georgetown+University;+Laura+D.+Porter,+Colon+Cancer+Alliance;+Washington,+DC;+Kelly+J.+Brassil,+Aung+Naing,+Loretta+J.+Nastoupil,+Maria+E.+Suarez-Almazor,+and+Yinghong+Wang,+MD+Anderson+Cancer+Center,+Houston,+TX;+Jeffrey+M.+Caterino,+The+Ohio+State+University+Wexner+Medical+Center,+Columbus,+OH;+Ian+Chau,+The+Royal+Marsden+Hospital+and+Institute+of+Cancer+Research,+London+and+Surrey,+United+Kingdom;+Marc+S.+Ernstoff+and+Igor+Puzanov,+Roswell+Park+Cancer+Institute,+Buffalo;+Bianca+D.+Santomasso+and+Jedd+D.+Wolchok,+Memorial+Sloan+Kettering+Cancer+Center;+Jeffrey+S.+Weber,+New+York+University+Langone+Medical+Center,+New+York,+NY;+Pamela+Ginex,+Oncology+Nursing+Society,+Pittsburgh,+PA;+Jennifer+M.+Gardner,+Seattle+Cancer+Care+Alliance+and+University+of+Washington,+Seattle,+WA;+Sigrun+Hallmeyer,+Oncology+Specialists+SC,+Park+Ridge,+IL;+Jennifer+Holter+Chakrabarty,+University+of+Oklahoma,+Stephenson+Cancer+Center,+Oklahoma+City,+OK;+Natasha+B.+Leighl,+Princess+Margaret+Cancer+Centre,+Toronto,+Ontario,+Canada;+David+F.+McDermott,+Beth+Israel+Deaconess+Medical+Center;+Carole+Seigel,+Massachusetts+General+Hospital+Cancer+Center,+Boston,+MA;+John+A.+Thompson,+Seattle+Cancer+Care+Alliance,+University+of+Washington,+and+the+Fred+Hutchinson+Cancer+Research+Center,+Seattle,+WA;+and+Tanyanika+Phillips,+CHRISTUS+St+Frances+Cabrini+Cancer+Center,+Alexandria,+LA."
265,Arnaud Perrier,"Division of General Internal Medicine, Clinical Epidemiology Center, University of Lausanne, Lausanne, Switzerland. drahomir.aujesky@chuv.ch",M,M,"https://www.google.com/search?q=Arnaud+Perrier+.homepage.Division+of+General+Internal+Medicine,+Clinical+Epidemiology+Center,+University+of+Lausanne,+Lausanne,+Switzerland.+drahomir.aujesky@chuv.ch"
269,Claudia Cote,"COPD Center at St. Elizabeth's Medical Center, Tufts University School of Medicine, Boston, MA 02135, USA. bcelli@copdnet.org",F,X,"https://www.google.com/search?q=Claudia+Cote+.homepage.COPD+Center+at+St.+Elizabeth's+Medical+Center,+Tufts+University+School+of+Medicine,+Boston,+MA+02135,+USA.+bcelli@copdnet.org"
12,Sheldon Magder,"Department of Critical Care, McGill University Health Centre, Montreal, QC, Canada.",M,M,"https://www.google.com/search?q=Sheldon+Magder+.homepage.Department+of+Critical+Care,+McGill+University+Health+Centre,+Montreal,+QC,+Canada."
159,Anne Manton,"Department of Emergency Medicine, University of Massachusetts Medical School, Worcester, MA, USA. Edwin.Boudreaux@umassmed.edu",F,F,"https://www.google.com/search?q=Anne+Manton+.homepage.Department+of+Emergency+Medicine,+University+of+Massachusetts+Medical+School,+Worcester,+MA,+USA.+Edwin.Boudreaux@umassmed.edu"
225,Wolfgang Hiddemann,"Department of Internal Medicine III, University of Munich, Germany.",M,M,"https://www.google.com/search?q=Wolfgang+Hiddemann+.homepage.Department+of+Internal+Medicine+III,+University+of+Munich,+Germany."
198,Anna Lopez,"Department of Anesthesiology, Hospital Universitari Germans Trias i Pujol, Universitat Autònoma de Barcelona, Badalona, Spain. jcanet.germanstrias@gencat.cat",F,X,"https://www.google.com/search?q=Anna+Lopez+.homepage.Department+of+Anesthesiology,+Hospital+Universitari+Germans+Trias+i+Pujol,+Universitat+Autònoma+de+Barcelona,+Badalona,+Spain.+jcanet.germanstrias@gencat.cat"
117,Philip Scribano,"Section of Emergency Medicine, Department of Pediatrics, Medical College of Wisconsin, Milwaukee, WI, USA. mgorelic@mail.mcw.edu",M,X,"https://www.google.com/search?q=Philip+Scribano+.homepage.Section+of+Emergency+Medicine,+Department+of+Pediatrics,+Medical+College+of+Wisconsin,+Milwaukee,+WI,+USA.+mgorelic@mail.mcw.edu"
169,Ellen Ginzler,"Johns Hopkins University School of Medicine, 1830 East Monument Street, Suite 7500, Baltimore, MD 21205, USA. mpetri@jhmi.edu",F,F,"https://www.google.com/search?q=Ellen+Ginzler+.homepage.Johns+Hopkins+University+School+of+Medicine,+1830+East+Monument+Street,+Suite+7500,+Baltimore,+MD+21205,+USA.+mpetri@jhmi.edu"
198,Hector Oreiro,"Department of Anesthesiology, Hospital Universitari Germans Trias i Pujol, Universitat Autònoma de Barcelona, Badalona, Spain. jcanet.germanstrias@gencat.cat",M,X,"https://www.google.com/search?q=Hector+Oreiro+.homepage.Department+of+Anesthesiology,+Hospital+Universitari+Germans+Trias+i+Pujol,+Universitat+Autònoma+de+Barcelona,+Badalona,+Spain.+jcanet.germanstrias@gencat.cat"
226,Marisol Betancourt,"Thrombosis Program, Division of Hematology, Department of Medicine, University of Ottawa, Ottawa, Ont. mrodger@ohri.ca",F,X,"https://www.google.com/search?q=Marisol+Betancourt+.homepage.Thrombosis+Program,+Division+of+Hematology,+Department+of+Medicine,+University+of+Ottawa,+Ottawa,+Ont.+mrodger@ohri.ca"
217,Alessandro Vitale,"National Cancer Institute, Milan, Italy.",M,X,"https://www.google.com/search?q=Alessandro+Vitale+.homepage.National+Cancer+Institute,+Milan,+Italy."
198,Carmen Gomar,"Department of Anesthesiology, Hospital Universitari Germans Trias i Pujol, Universitat Autònoma de Barcelona, Badalona, Spain. jcanet.germanstrias@gencat.cat",F,F,"https://www.google.com/search?q=Carmen+Gomar+.homepage.Department+of+Anesthesiology,+Hospital+Universitari+Germans+Trias+i+Pujol,+Universitat+Autònoma+de+Barcelona,+Badalona,+Spain.+jcanet.germanstrias@gencat.cat"
169,David Isenberg,"Johns Hopkins University School of Medicine, 1830 East Monument Street, Suite 7500, Baltimore, MD 21205, USA. mpetri@jhmi.edu",M,M,"https://www.google.com/search?q=David+Isenberg+.homepage.Johns+Hopkins+University+School+of+Medicine,+1830+East+Monument+Street,+Suite+7500,+Baltimore,+MD+21205,+USA.+mpetri@jhmi.edu"
169,Susan Manzi,"Johns Hopkins University School of Medicine, 1830 East Monument Street, Suite 7500, Baltimore, MD 21205, USA. mpetri@jhmi.edu",F,F,"https://www.google.com/search?q=Susan+Manzi+.homepage.Johns+Hopkins+University+School+of+Medicine,+1830+East+Monument+Street,+Suite+7500,+Baltimore,+MD+21205,+USA.+mpetri@jhmi.edu"
217,Gilles Mentha,"National Cancer Institute, Milan, Italy.",M,M,"https://www.google.com/search?q=Gilles+Mentha+.homepage.National+Cancer+Institute,+Milan,+Italy."
59,Janet Tate,"VA Connecticut Health Systems, West Haven, Connecticut, USA.",F,F,"https://www.google.com/search?q=Janet+Tate+.homepage.VA+Connecticut+Health+Systems,+West+Haven,+Connecticut,+USA."
90,Daren Heyland,"Clinical Evaluation Research Unit, Kingston General Hospital, Kingston, ON, Canada. dkh2@queensu.ca",M,M,"https://www.google.com/search?q=Daren+Heyland+.homepage.Clinical+Evaluation+Research+Unit,+Kingston+General+Hospital,+Kingston,+ON,+Canada.+dkh2@queensu.ca"
88,Jaimi Greenslade,"Christchurch Hospital, Christchurch, New Zealand. martinthan@xtra.co.nz",F,F,"https://www.google.com/search?q=Jaimi+Greenslade+.homepage.Christchurch+Hospital,+Christchurch,+New+Zealand.+martinthan@xtra.co.nz"
28,Richard Temes,"Department of Neurology, Neurological Intensive Care Unit, Columbia University, College of Physicians and Surgeons, New York, New York, USA.",M,M,"https://www.google.com/search?q=Richard+Temes+.homepage.Department+of+Neurology,+Neurological+Intensive+Care+Unit,+Columbia+University,+College+of+Physicians+and+Surgeons,+New+York,+New+York,+USA."
264,Ellen Walters,"Department of Health Care Policy, Harvard Medical School, Boston, MA 02115, USA. kessler@hcp.med.harvard.edu",F,X,"https://www.google.com/search?q=Ellen+Walters+.homepage.Department+of+Health+Care+Policy,+Harvard+Medical+School,+Boston,+MA+02115,+USA.+kessler@hcp.med.harvard.edu"
59,M. John Gill,"VA Connecticut Health Systems, West Haven, Connecticut, USA.",M,X,"https://www.google.com/search?q=M.+John+Gill+.homepage.VA+Connecticut+Health+Systems,+West+Haven,+Connecticut,+USA."
225,Norma Peter,"Department of Internal Medicine III, University of Munich, Germany.",F,X,"https://www.google.com/search?q=Norma+Peter+.homepage.Department+of+Internal+Medicine+III,+University+of+Munich,+Germany."
226,Grégoire Le Gal,"Thrombosis Program, Division of Hematology, Department of Medicine, University of Ottawa, Ottawa, Ont. mrodger@ohri.ca",M,M,"https://www.google.com/search?q=Grégoire+Le+Gal+.homepage.Thrombosis+Program,+Division+of+Hematology,+Department+of+Medicine,+University+of+Ottawa,+Ottawa,+Ont.+mrodger@ohri.ca"
254,Aynur Unalp-Arida,"Laboratory of Pathology, National Cancer Institute, Bethesda, MD 20892, USA. KleinerD@mail.nih.gov",F,X,"https://www.google.com/search?q=Aynur+Unalp-Arida+.homepage.Laboratory+of+Pathology,+National+Cancer+Institute,+Bethesda,+MD+20892,+USA.+KleinerD@mail.nih.gov"
27,Hervé Tanghe,"Erasmus MC-University Medical Center Rotterdam, Rotterdam, The Netherlands.",M,M,"https://www.google.com/search?q=Hervé+Tanghe+.homepage.Erasmus+MC-University+Medical+Center+Rotterdam,+Rotterdam,+The+Netherlands."
270,Anita De Bellis,"School of Nursing, Queensland University of Technology and The Prince Charles Hospital Health Service Distict, c/o Prince Charles Hospital, Rode Road, Chermside, Queensland 4032, Australia. j.abbey@qut.edu.au",F,F,"https://www.google.com/search?q=Anita+De+Bellis+.homepage.School+of+Nursing,+Queensland+University+of+Technology+and+The+Prince+Charles+Hospital+Health+Service+Distict,+c/o+Prince+Charles+Hospital,+Rode+Road,+Chermside,+Queensland+4032,+Australia.+j.abbey@qut.edu.au"
28,Jan Claassen,"Department of Neurology, Neurological Intensive Care Unit, Columbia University, College of Physicians and Surgeons, New York, New York, USA.",M,M,"https://www.google.com/search?q=Jan+Claassen+.homepage.Department+of+Neurology,+Neurological+Intensive+Care+Unit,+Columbia+University,+College+of+Physicians+and+Surgeons,+New+York,+New+York,+USA."
96,Karen Alexander,"Cardiovascular Division, Washington University School of Medicine, St Louis, MO 63110, USA.",F,X,"https://www.google.com/search?q=Karen+Alexander+.homepage.Cardiovascular+Division,+Washington+University+School+of+Medicine,+St+Louis,+MO+63110,+USA."
139,Vincenzo Stanghellini,"Department of the Digestive System, University Hospital S. Orsola-Malpighi, Bologna, Italy; Department of Medical and Surgical Sciences, University of Bologna, Bologna, Italy. Electronic address: v.stanghellini@unibo.it.",M,M,"https://www.google.com/search?q=Vincenzo+Stanghellini+.homepage.Department+of+the+Digestive+System,+University+Hospital+S.+Orsola-Malpighi,+Bologna,+Italy;+Department+of+Medical+and+Surgical+Sciences,+University+of+Bologna,+Bologna,+Italy.+Electronic+address:+v.stanghellini@unibo.it."
64,Jennifer Holter Chakrabarty,"Julie R. Brahmer, Johns Hopkins Kimmel Cancer Center; Jennifer S. Mammen, Johns Hopkins University, Baltimore, MD; Christina Lacchetti, American Society of Clinical Oncology, Alexandria; Alexander Spira, Virginia Cancer Specialists and US Oncology Research, Fairfax, VA; Bryan J. Schneider, University of Michigan Health System, Ann Arbor, MI; Michael B. Atkins, Georgetown Lombardi Comprehensive Cancer Center; Cristina A. Reichner, Georgetown University; Laura D. Porter, Colon Cancer Alliance; Washington, DC; Kelly J. Brassil, Aung Naing, Loretta J. Nastoupil, Maria E. Suarez-Almazor, and Yinghong Wang, MD Anderson Cancer Center, Houston, TX; Jeffrey M. Caterino, The Ohio State University Wexner Medical Center, Columbus, OH; Ian Chau, The Royal Marsden Hospital and Institute of Cancer Research, London and Surrey, United Kingdom; Marc S. Ernstoff and Igor Puzanov, Roswell Park Cancer Institute, Buffalo; Bianca D. Santomasso and Jedd D. Wolchok, Memorial Sloan Kettering Cancer Center; Jeffrey S. Weber, New York University Langone Medical Center, New York, NY; Pamela Ginex, Oncology Nursing Society, Pittsburgh, PA; Jennifer M. Gardner, Seattle Cancer Care Alliance and University of Washington, Seattle, WA; Sigrun Hallmeyer, Oncology Specialists SC, Park Ridge, IL; Jennifer Holter Chakrabarty, University of Oklahoma, Stephenson Cancer Center, Oklahoma City, OK; Natasha B. Leighl, Princess Margaret Cancer Centre, Toronto, Ontario, Canada; David F. McDermott, Beth Israel Deaconess Medical Center; Carole Seigel, Massachusetts General Hospital Cancer Center, Boston, MA; John A. Thompson, Seattle Cancer Care Alliance, University of Washington, and the Fred Hutchinson Cancer Research Center, Seattle, WA; and Tanyanika Phillips, CHRISTUS St Frances Cabrini Cancer Center, Alexandria, LA.",F,F,"https://www.google.com/search?q=Jennifer+Holter+Chakrabarty+.homepage.Julie+R.+Brahmer,+Johns+Hopkins+Kimmel+Cancer+Center;+Jennifer+S.+Mammen,+Johns+Hopkins+University,+Baltimore,+MD;+Christina+Lacchetti,+American+Society+of+Clinical+Oncology,+Alexandria;+Alexander+Spira,+Virginia+Cancer+Specialists+and+US+Oncology+Research,+Fairfax,+VA;+Bryan+J.+Schneider,+University+of+Michigan+Health+System,+Ann+Arbor,+MI;+Michael+B.+Atkins,+Georgetown+Lombardi+Comprehensive+Cancer+Center;+Cristina+A.+Reichner,+Georgetown+University;+Laura+D.+Porter,+Colon+Cancer+Alliance;+Washington,+DC;+Kelly+J.+Brassil,+Aung+Naing,+Loretta+J.+Nastoupil,+Maria+E.+Suarez-Almazor,+and+Yinghong+Wang,+MD+Anderson+Cancer+Center,+Houston,+TX;+Jeffrey+M.+Caterino,+The+Ohio+State+University+Wexner+Medical+Center,+Columbus,+OH;+Ian+Chau,+The+Royal+Marsden+Hospital+and+Institute+of+Cancer+Research,+London+and+Surrey,+United+Kingdom;+Marc+S.+Ernstoff+and+Igor+Puzanov,+Roswell+Park+Cancer+Institute,+Buffalo;+Bianca+D.+Santomasso+and+Jedd+D.+Wolchok,+Memorial+Sloan+Kettering+Cancer+Center;+Jeffrey+S.+Weber,+New+York+University+Langone+Medical+Center,+New+York,+NY;+Pamela+Ginex,+Oncology+Nursing+Society,+Pittsburgh,+PA;+Jennifer+M.+Gardner,+Seattle+Cancer+Care+Alliance+and+University+of+Washington,+Seattle,+WA;+Sigrun+Hallmeyer,+Oncology+Specialists+SC,+Park+Ridge,+IL;+Jennifer+Holter+Chakrabarty,+University+of+Oklahoma,+Stephenson+Cancer+Center,+Oklahoma+City,+OK;+Natasha+B.+Leighl,+Princess+Margaret+Cancer+Centre,+Toronto,+Ontario,+Canada;+David+F.+McDermott,+Beth+Israel+Deaconess+Medical+Center;+Carole+Seigel,+Massachusetts+General+Hospital+Cancer+Center,+Boston,+MA;+John+A.+Thompson,+Seattle+Cancer+Care+Alliance,+University+of+Washington,+and+the+Fred+Hutchinson+Cancer+Research+Center,+Seattle,+WA;+and+Tanyanika+Phillips,+CHRISTUS+St+Frances+Cabrini+Cancer+Center,+Alexandria,+LA."
219,Mark Warren,"FRCPC, Department of Medical Oncology, Tom Baker Cancer Center, University of Calgary, Calgary, Alberta, Canada. daniel.heng@cancerboard.ab.ca",M,M,"https://www.google.com/search?q=Mark+Warren+.homepage.FRCPC,+Department+of+Medical+Oncology,+Tom+Baker+Cancer+Center,+University+of+Calgary,+Calgary,+Alberta,+Canada.+daniel.heng@cancerboard.ab.ca"
130,Danielle Boyce,"The Children's Hospital at TriStar Medical Center, 330 23rd Ave North, Suite 580, Nashville, TN 37203, USA. Electronic address: Jesus.PinaGarza@hcahealthcare.com.",F,F,"https://www.google.com/search?q=Danielle+Boyce+.homepage.The+Children's+Hospital+at+TriStar+Medical+Center,+330+23rd+Ave+North,+Suite+580,+Nashville,+TN+37203,+USA.+Electronic+address:+Jesus.PinaGarza@hcahealthcare.com."
173,Martin O'Donnell,"Health Research Board Clinical Research Facility, Geata an Eolais, National University of Ireland, Galway, Ireland. martin.odonnell@nuigalway.ie",M,M,"https://www.google.com/search?q=Martin+O'Donnell+.homepage.Health+Research+Board+Clinical+Research+Facility,+Geata+an+Eolais,+National+University+of+Ireland,+Galway,+Ireland.+martin.odonnell@nuigalway.ie"
264,Minnie Ames,"Department of Health Care Policy, Harvard Medical School, Boston, MA 02115, USA. kessler@hcp.med.harvard.edu",F,X,"https://www.google.com/search?q=Minnie+Ames+.homepage.Department+of+Health+Care+Policy,+Harvard+Medical+School,+Boston,+MA+02115,+USA.+kessler@hcp.med.harvard.edu"
207,Renzo Poggio,"Respiratory Department , Hospital Ramón y Cajal and Alcalá de Henares University, 28034 Madrid, Spain. djc_69_98@yahoo.com",M,X,"https://www.google.com/search?q=Renzo+Poggio+.homepage.Respiratory+Department+,+Hospital+Ramón+y+Cajal+and+Alcalá+de+Henares+University,+28034+Madrid,+Spain.+djc_69_98@yahoo.com"
162,Lisa Calder,"Department of Emergency Medicine, University of Ottawa, Ottawa, Ontario, Canada. istiell@ohri.ca",F,F,"https://www.google.com/search?q=Lisa+Calder+.homepage.Department+of+Emergency+Medicine,+University+of+Ottawa,+Ottawa,+Ontario,+Canada.+istiell@ohri.ca"
19,Winfried Kern,"Cooper University Hospital, Camden, New Jersey, USA. Dellinger-Phil@CooperHealth.edu",M,X,"https://www.google.com/search?q=Winfried+Kern+.homepage.Cooper+University+Hospital,+Camden,+New+Jersey,+USA.+Dellinger-Phil@CooperHealth.edu"
59,Margaret May,"VA Connecticut Health Systems, West Haven, Connecticut, USA.",F,X,"https://www.google.com/search?q=Margaret+May+.homepage.VA+Connecticut+Health+Systems,+West+Haven,+Connecticut,+USA."
142,Michel Attal,"Antonio Palumbo, Stefania Oliva, Simona Caltagirone, Sara Bringhen, and Francesca Gay, University of Torino, Azienda Ospedaliero-Universitaria Città della Salute della Salute e della Scienza di Torino; Roberto Passera, University of Torino, Torino; Massimo Offidani, Clinica di Ematologia, AUO Ospedali Riuniti di Ancona, Ancona; Pellegrino Musto, Istituto di Ricovero e Cura a Carattere Scientifico, Referral Cancer Center of Basilicata, Rionero in Vulture; Maria T. Petrucci, Sapienza University of Rome, Rome; Elena Zamagni and Michele Cavo, Istituto di Ematologia Seragnoli, Università di Bologna, Bologna, Italy; Hervé Avet-Loiseau and Michel Attal, Institut Claudius Regaud, L'Institut Universitaire du Cancer de Toulouse-Oncopole, Toulouse; Thierry Facon, Service des Maladies du Sang, Hôpital Claude Huriez, Centre Hospitalier Regionale et Universitaire Lille, Lille; Philippe Moreau, University Hospital Hotel-Dieu, Nantes, France; Henk M. Lokhorst, VU University Medical Center, Amsterdam; Pieter Sonneveld, Erasmus MC, Rotterdam, the Netherlands; Hartmut Goldschmidt, University Hospital and National Center for Tumor Diseases Heidelberg, Heidelberg, Germany; Laura Rosinol, Hospital Clínic, Institut Clínic d'Investigacions Biomèdiques Ausgust Pi i Sunyer, Barcelona; Juan José Lahuerta, Hospital Universitario 12 de Octubre, Madrid; Jésus San Miguel, Clínica Universidad de Navarra, Centro de Investigaciones Médicas Aplicadas, IDISNA, Pamplona, Spain; Paul Richardson and Kenneth C. Anderson, Jerome Lipper Multiple Myeloma Center, Dana-Farber Cancer Institute, Boston, MA; Shaji Kumar and S. Vincent Rajkumar, Mayo Clinic, Rochester, MN; Sagar Lonial, Winship Cancer Institute, Emory University, Atlanta, GA; Robert Z. Orlowski, The University of Texas MD Anderson Comprehensive Cancer Center, Houston, TX; Gareth Morgan, Myeloma Institutes for Research Therapy, University of Arkansas for Medical Sciences, Little Rock, AR; Brian G.M. Durie, Cedars-Sinai Comprehensive Canc",M,M,"https://www.google.com/search?q=Michel+Attal+.homepage.Antonio+Palumbo,+Stefania+Oliva,+Simona+Caltagirone,+Sara+Bringhen,+and+Francesca+Gay,+University+of+Torino,+Azienda+Ospedaliero-Universitaria+Città+della+Salute+della+Salute+e+della+Scienza+di+Torino;+Roberto+Passera,+University+of+Torino,+Torino;+Massimo+Offidani,+Clinica+di+Ematologia,+AUO+Ospedali+Riuniti+di+Ancona,+Ancona;+Pellegrino+Musto,+Istituto+di+Ricovero+e+Cura+a+Carattere+Scientifico,+Referral+Cancer+Center+of+Basilicata,+Rionero+in+Vulture;+Maria+T.+Petrucci,+Sapienza+University+of+Rome,+Rome;+Elena+Zamagni+and+Michele+Cavo,+Istituto+di+Ematologia+Seragnoli,+Università+di+Bologna,+Bologna,+Italy;+Hervé+Avet-Loiseau+and+Michel+Attal,+Institut+Claudius+Regaud,+L'Institut+Universitaire+du+Cancer+de+Toulouse-Oncopole,+Toulouse;+Thierry+Facon,+Service+des+Maladies+du+Sang,+Hôpital+Claude+Huriez,+Centre+Hospitalier+Regionale+et+Universitaire+Lille,+Lille;+Philippe+Moreau,+University+Hospital+Hotel-Dieu,+Nantes,+France;+Henk+M.+Lokhorst,+VU+University+Medical+Center,+Amsterdam;+Pieter+Sonneveld,+Erasmus+MC,+Rotterdam,+the+Netherlands;+Hartmut+Goldschmidt,+University+Hospital+and+National+Center+for+Tumor+Diseases+Heidelberg,+Heidelberg,+Germany;+Laura+Rosinol,+Hospital+Clínic,+Institut+Clínic+d'Investigacions+Biomèdiques+Ausgust+Pi+i+Sunyer,+Barcelona;+Juan+José+Lahuerta,+Hospital+Universitario+12+de+Octubre,+Madrid;+Jésus+San+Miguel,+Clínica+Universidad+de+Navarra,+Centro+de+Investigaciones+Médicas+Aplicadas,+IDISNA,+Pamplona,+Spain;+Paul+Richardson+and+Kenneth+C.+Anderson,+Jerome+Lipper+Multiple+Myeloma+Center,+Dana-Farber+Cancer+Institute,+Boston,+MA;+Shaji+Kumar+and+S.+Vincent+Rajkumar,+Mayo+Clinic,+Rochester,+MN;+Sagar+Lonial,+Winship+Cancer+Institute,+Emory+University,+Atlanta,+GA;+Robert+Z.+Orlowski,+The+University+of+Texas+MD+Anderson+Comprehensive+Cancer+Center,+Houston,+TX;+Gareth+Morgan,+Myeloma+Institutes+for+Research+Therapy,+University+of+Arkansas+for+Medical+Sciences,+Little+Rock,+AR;+Brian+G.M.+Durie,+Cedars-Sinai+Comprehensive+Canc"
19,Caryl Goodyear-Bruch,"Cooper University Hospital, Camden, New Jersey, USA. Dellinger-Phil@CooperHealth.edu",F,F,"https://www.google.com/search?q=Caryl+Goodyear-Bruch+.homepage.Cooper+University+Hospital,+Camden,+New+Jersey,+USA.+Dellinger-Phil@CooperHealth.edu"
198,Tomas Martínez,"Department of Anesthesiology, Hospital Universitari Germans Trias i Pujol, Universitat Autònoma de Barcelona, Badalona, Spain. jcanet.germanstrias@gencat.cat",M,X,"https://www.google.com/search?q=Tomas+Martínez+.homepage.Department+of+Anesthesiology,+Hospital+Universitari+Germans+Trias+i+Pujol,+Universitat+Autònoma+de+Barcelona,+Badalona,+Spain.+jcanet.germanstrias@gencat.cat"
146,Cecile Aubron,"1 Australian and New Zealand Intensive Care Research Centre, Department of Epidemiology and Preventive Medicine, School of Public Health, Monash University, Melbourne, Australia.",F,F,"https://www.google.com/search?q=Cecile+Aubron+.homepage.1+Australian+and+New+Zealand+Intensive+Care+Research+Centre,+Department+of+Epidemiology+and+Preventive+Medicine,+School+of+Public+Health,+Monash+University,+Melbourne,+Australia."
154,João Barbosa,"Department of Urology, Boston Children's Hospital, Boston, Massachusetts 02115, USA. jbrunhara@gmail.com",M,X,"https://www.google.com/search?q=João+Barbosa+.homepage.Department+of+Urology,+Boston+Children's+Hospital,+Boston,+Massachusetts+02115,+USA.+jbrunhara@gmail.com"
80,Louise Cullen,"Christchurch Hospital, Christchurch, New Zealand.",F,F,"https://www.google.com/search?q=Louise+Cullen+.homepage.Christchurch+Hospital,+Christchurch,+New+Zealand."
13,Guy Doucet,"Department of Mental Health, Children's Hospital of Eastern Ontario, Ottawa, ON K1H 8L1 Canada. cappelli@cheo.on.ca",M,X,"https://www.google.com/search?q=Guy+Doucet+.homepage.Department+of+Mental+Health,+Children's+Hospital+of+Eastern+Ontario,+Ottawa,+ON+K1H+8L1+Canada.+cappelli@cheo.on.ca"
271,Josephine White,"Centre Jean-Bernard, 9 rue Beauverger, 72000 Le Mans, France. p.solal-celigny@noos.fr",F,X,"https://www.google.com/search?q=Josephine+White+.homepage.Centre+Jean-Bernard,+9+rue+Beauverger,+72000+Le+Mans,+France.+p.solal-celigny@noos.fr"
88,William Parsonage,"Christchurch Hospital, Christchurch, New Zealand. martinthan@xtra.co.nz",M,M,"https://www.google.com/search?q=William+Parsonage+.homepage.Christchurch+Hospital,+Christchurch,+New+Zealand.+martinthan@xtra.co.nz"
227,Sharon Chung,"Department of Psychiatry, University of Toronto, Toronto Western Hospital, University Health Network, Toronto, Ontario, Canada. frances.chung@uhn.on.ca",F,F,"https://www.google.com/search?q=Sharon+Chung+.homepage.Department+of+Psychiatry,+University+of+Toronto,+Toronto+Western+Hospital,+University+Health+Network,+Toronto,+Ontario,+Canada.+frances.chung@uhn.on.ca"
79,Michael Marmor,"Byers Eye Institute, Stanford University, Palo Alto, California.",M,M,"https://www.google.com/search?q=Michael+Marmor+.homepage.Byers+Eye+Institute,+Stanford+University,+Palo+Alto,+California."
64,Kelly Brassil,"Julie R. Brahmer, Johns Hopkins Kimmel Cancer Center; Jennifer S. Mammen, Johns Hopkins University, Baltimore, MD; Christina Lacchetti, American Society of Clinical Oncology, Alexandria; Alexander Spira, Virginia Cancer Specialists and US Oncology Research, Fairfax, VA; Bryan J. Schneider, University of Michigan Health System, Ann Arbor, MI; Michael B. Atkins, Georgetown Lombardi Comprehensive Cancer Center; Cristina A. Reichner, Georgetown University; Laura D. Porter, Colon Cancer Alliance; Washington, DC; Kelly J. Brassil, Aung Naing, Loretta J. Nastoupil, Maria E. Suarez-Almazor, and Yinghong Wang, MD Anderson Cancer Center, Houston, TX; Jeffrey M. Caterino, The Ohio State University Wexner Medical Center, Columbus, OH; Ian Chau, The Royal Marsden Hospital and Institute of Cancer Research, London and Surrey, United Kingdom; Marc S. Ernstoff and Igor Puzanov, Roswell Park Cancer Institute, Buffalo; Bianca D. Santomasso and Jedd D. Wolchok, Memorial Sloan Kettering Cancer Center; Jeffrey S. Weber, New York University Langone Medical Center, New York, NY; Pamela Ginex, Oncology Nursing Society, Pittsburgh, PA; Jennifer M. Gardner, Seattle Cancer Care Alliance and University of Washington, Seattle, WA; Sigrun Hallmeyer, Oncology Specialists SC, Park Ridge, IL; Jennifer Holter Chakrabarty, University of Oklahoma, Stephenson Cancer Center, Oklahoma City, OK; Natasha B. Leighl, Princess Margaret Cancer Centre, Toronto, Ontario, Canada; David F. McDermott, Beth Israel Deaconess Medical Center; Carole Seigel, Massachusetts General Hospital Cancer Center, Boston, MA; John A. Thompson, Seattle Cancer Care Alliance, University of Washington, and the Fred Hutchinson Cancer Research Center, Seattle, WA; and Tanyanika Phillips, CHRISTUS St Frances Cabrini Cancer Center, Alexandria, LA.",F,F,"https://www.google.com/search?q=Kelly+Brassil+.homepage.Julie+R.+Brahmer,+Johns+Hopkins+Kimmel+Cancer+Center;+Jennifer+S.+Mammen,+Johns+Hopkins+University,+Baltimore,+MD;+Christina+Lacchetti,+American+Society+of+Clinical+Oncology,+Alexandria;+Alexander+Spira,+Virginia+Cancer+Specialists+and+US+Oncology+Research,+Fairfax,+VA;+Bryan+J.+Schneider,+University+of+Michigan+Health+System,+Ann+Arbor,+MI;+Michael+B.+Atkins,+Georgetown+Lombardi+Comprehensive+Cancer+Center;+Cristina+A.+Reichner,+Georgetown+University;+Laura+D.+Porter,+Colon+Cancer+Alliance;+Washington,+DC;+Kelly+J.+Brassil,+Aung+Naing,+Loretta+J.+Nastoupil,+Maria+E.+Suarez-Almazor,+and+Yinghong+Wang,+MD+Anderson+Cancer+Center,+Houston,+TX;+Jeffrey+M.+Caterino,+The+Ohio+State+University+Wexner+Medical+Center,+Columbus,+OH;+Ian+Chau,+The+Royal+Marsden+Hospital+and+Institute+of+Cancer+Research,+London+and+Surrey,+United+Kingdom;+Marc+S.+Ernstoff+and+Igor+Puzanov,+Roswell+Park+Cancer+Institute,+Buffalo;+Bianca+D.+Santomasso+and+Jedd+D.+Wolchok,+Memorial+Sloan+Kettering+Cancer+Center;+Jeffrey+S.+Weber,+New+York+University+Langone+Medical+Center,+New+York,+NY;+Pamela+Ginex,+Oncology+Nursing+Society,+Pittsburgh,+PA;+Jennifer+M.+Gardner,+Seattle+Cancer+Care+Alliance+and+University+of+Washington,+Seattle,+WA;+Sigrun+Hallmeyer,+Oncology+Specialists+SC,+Park+Ridge,+IL;+Jennifer+Holter+Chakrabarty,+University+of+Oklahoma,+Stephenson+Cancer+Center,+Oklahoma+City,+OK;+Natasha+B.+Leighl,+Princess+Margaret+Cancer+Centre,+Toronto,+Ontario,+Canada;+David+F.+McDermott,+Beth+Israel+Deaconess+Medical+Center;+Carole+Seigel,+Massachusetts+General+Hospital+Cancer+Center,+Boston,+MA;+John+A.+Thompson,+Seattle+Cancer+Care+Alliance,+University+of+Washington,+and+the+Fred+Hutchinson+Cancer+Research+Center,+Seattle,+WA;+and+Tanyanika+Phillips,+CHRISTUS+St+Frances+Cabrini+Cancer+Center,+Alexandria,+LA."
253,Gaetano Iapichino,"Unidade de Cuidados Intensivos Polivalente, Hospital de St. António dos Capuchos, Centro Hospitalar de Lisboa (Zona Central), Lisbon, Portugal. r.moreno@mail.telepac.pt",M,X,"https://www.google.com/search?q=Gaetano+Iapichino+.homepage.Unidade+de+Cuidados+Intensivos+Polivalente,+Hospital+de+St.+António+dos+Capuchos,+Centro+Hospitalar+de+Lisboa+(Zona+Central),+Lisbon,+Portugal.+r.moreno@mail.telepac.pt"
190,Rosalba Miceli,"Units of Gastrointestinal Surgery and Liver Transplantation, National Cancer Institute of Milan, Milan, Italy. vincenzo.mazzaferro@istitutotumori.mi.it",F,F,"https://www.google.com/search?q=Rosalba+Miceli+.homepage.Units+of+Gastrointestinal+Surgery+and+Liver+Transplantation,+National+Cancer+Institute+of+Milan,+Milan,+Italy.+vincenzo.mazzaferro@istitutotumori.mi.it"
196,Gianfranco Ferraccioli,"Medical University of Vienna, Vienna, Austria.",M,X,"https://www.google.com/search?q=Gianfranco+Ferraccioli+.homepage.Medical+University+of+Vienna,+Vienna,+Austria."
198,Susana Munoz,"Department of Anesthesiology, Hospital Universitari Germans Trias i Pujol, Universitat Autònoma de Barcelona, Badalona, Spain. jcanet.germanstrias@gencat.cat",F,X,"https://www.google.com/search?q=Susana+Munoz+.homepage.Department+of+Anesthesiology,+Hospital+Universitari+Germans+Trias+i+Pujol,+Universitat+Autònoma+de+Barcelona,+Badalona,+Spain.+jcanet.germanstrias@gencat.cat"
67,Charles McCulloch,"Epidemiology & Biostatistics, University of California, San Francisco, California.",M,M,"https://www.google.com/search?q=Charles+McCulloch+.homepage.Epidemiology+&+Biostatistics,+University+of+California,+San+Francisco,+California."
198,Berta Pardina,"Department of Anesthesiology, Hospital Universitari Germans Trias i Pujol, Universitat Autònoma de Barcelona, Badalona, Spain. jcanet.germanstrias@gencat.cat",F,X,"https://www.google.com/search?q=Berta+Pardina+.homepage.Department+of+Anesthesiology,+Hospital+Universitari+Germans+Trias+i+Pujol,+Universitat+Autònoma+de+Barcelona,+Badalona,+Spain.+jcanet.germanstrias@gencat.cat"
219,William Oh,"FRCPC, Department of Medical Oncology, Tom Baker Cancer Center, University of Calgary, Calgary, Alberta, Canada. daniel.heng@cancerboard.ab.ca",M,M,"https://www.google.com/search?q=William+Oh+.homepage.FRCPC,+Department+of+Medical+Oncology,+Tom+Baker+Cancer+Center,+University+of+Calgary,+Calgary,+Alberta,+Canada.+daniel.heng@cancerboard.ab.ca"
97,Kristen Nordenholz,"Department of Emergency Medicine, Denver Health Medical Center, Denver, CO 80204, USA. stephen.wolf@dhha.org",F,X,"https://www.google.com/search?q=Kristen+Nordenholz+.homepage.Department+of+Emergency+Medicine,+Denver+Health+Medical+Center,+Denver,+CO+80204,+USA.+stephen.wolf@dhha.org"
200,Matthew Reed,"Department of Emergency Medicine, Royal Infirmary of Edinburgh, Edinburgh, United Kingdom. matthew.reed@luht.scot.nhs.uk",M,M,"https://www.google.com/search?q=Matthew+Reed+.homepage.Department+of+Emergency+Medicine,+Royal+Infirmary+of+Edinburgh,+Edinburgh,+United+Kingdom.+matthew.reed@luht.scot.nhs.uk"
208,Deirdre Lane,"Department of Cardiology, Maastricht University Medical Centre, Maastricht, The Netherlands.",F,X,"https://www.google.com/search?q=Deirdre+Lane+.homepage.Department+of+Cardiology,+Maastricht+University+Medical+Centre,+Maastricht,+The+Netherlands."
19,Sean Townsend,"Cooper University Hospital, Camden, New Jersey, USA. Dellinger-Phil@CooperHealth.edu",M,X,"https://www.google.com/search?q=Sean+Townsend+.homepage.Cooper+University+Hospital,+Camden,+New+Jersey,+USA.+Dellinger-Phil@CooperHealth.edu"
259,Kimberly Zee,"Department of Surgery, Memorial Sloan-Kettering Cancer Center, 1275 York Avenue, MRI 1026, New York, New York 10021, USA.",F,F,"https://www.google.com/search?q=Kimberly+Zee+.homepage.Department+of+Surgery,+Memorial+Sloan-Kettering+Cancer+Center,+1275+York+Avenue,+MRI+1026,+New+York,+New+York+10021,+USA."
249,Henri Bounameaux,"Brest University Hospital, Brest, France. gregoire.legal@chu-brest.fr",M,M,"https://www.google.com/search?q=Henri+Bounameaux+.homepage.Brest+University+Hospital,+Brest,+France.+gregoire.legal@chu-brest.fr"
198,Inmaculada Salgado,"Department of Anesthesiology, Hospital Universitari Germans Trias i Pujol, Universitat Autònoma de Barcelona, Badalona, Spain. jcanet.germanstrias@gencat.cat",F,X,"https://www.google.com/search?q=Inmaculada+Salgado+.homepage.Department+of+Anesthesiology,+Hospital+Universitari+Germans+Trias+i+Pujol,+Universitat+Autònoma+de+Barcelona,+Badalona,+Spain.+jcanet.germanstrias@gencat.cat"
192,Alex Kartashov,"Imperial College, 1B Manresa Road, London, UK. ron@du-bois.co.uk",M,X,"https://www.google.com/search?q=Alex+Kartashov+.homepage.Imperial+College,+1B+Manresa+Road,+London,+UK.+ron@du-bois.co.uk"
198,Isabel Cabre,"Department of Anesthesiology, Hospital Universitari Germans Trias i Pujol, Universitat Autònoma de Barcelona, Badalona, Spain. jcanet.germanstrias@gencat.cat",F,X,"https://www.google.com/search?q=Isabel+Cabre+.homepage.Department+of+Anesthesiology,+Hospital+Universitari+Germans+Trias+i+Pujol,+Universitat+Autònoma+de+Barcelona,+Badalona,+Spain.+jcanet.germanstrias@gencat.cat"
248,Paul Milligan,"Division of General Medical Sciences, Washington University School of Medicine, St. Louis, MO 63110, USA. bgage@im.wustl.edu",M,X,"https://www.google.com/search?q=Paul+Milligan+.homepage.Division+of+General+Medical+Sciences,+Washington+University+School+of+Medicine,+St.+Louis,+MO+63110,+USA.+bgage@im.wustl.edu"
207,Ana Maestre,"Respiratory Department , Hospital Ramón y Cajal and Alcalá de Henares University, 28034 Madrid, Spain. djc_69_98@yahoo.com",F,X,"https://www.google.com/search?q=Ana+Maestre+.homepage.Respiratory+Department+,+Hospital+Ramón+y+Cajal+and+Alcalá+de+Henares+University,+28034+Madrid,+Spain.+djc_69_98@yahoo.com"
271,Michael LeBlanc,"Centre Jean-Bernard, 9 rue Beauverger, 72000 Le Mans, France. p.solal-celigny@noos.fr",M,X,"https://www.google.com/search?q=Michael+LeBlanc+.homepage.Centre+Jean-Bernard,+9+rue+Beauverger,+72000+Le+Mans,+France.+p.solal-celigny@noos.fr"
61,Kelly Brassil,"Julie R. Brahmer, Johns Hopkins Kimmel Cancer Center; Jennifer S. Mammen, Johns Hopkins University, Baltimore, MD; Christina Lacchetti, American Society of Clinical Oncology, Alexandria; Alexander Spira, Virginia Cancer Specialists and US Oncology Research, Fairfax, VA; Bryan J. Schneider, University of Michigan Health System, Ann Arbor, MI; Michael B. Atkins, Georgetown Lombardi Comprehensive Cancer Center; Cristina A. Reichner, Georgetown University; Laura D. Porter, Colon Cancer Alliance; Washington, DC; Kelly J. Brassil, Aung Naing, Loretta J. Nastoupil, Maria E. Suarez-Almazor, and Yinghong Wang, MD Anderson Cancer Center, Houston, TX; Jeffrey M. Caterino, The Ohio State University Wexner Medical Center, Columbus, OH; Ian Chau, The Royal Marsden Hospital and Institute of Cancer Research, London and Surrey, United Kingdom; Marc S. Ernstoff and Igor Puzanov, Roswell Park Cancer Institute, Buffalo; Bianca D. Santomasso and Jedd D. Wolchok, Memorial Sloan Kettering Cancer Center; Jeffrey S. Weber, New York University Langone Medical Center, New York, NY; Pamela Ginex, Oncology Nursing Society, Pittsburgh, PA; Jennifer M. Gardner, Seattle Cancer Care Alliance and University of Washington, Seattle, WA; Sigrun Hallmeyer, Oncology Specialists SC, Park Ridge, IL; Jennifer Holter Chakrabarty, University of Oklahoma, Stephenson Cancer Center, Oklahoma City, OK; Natasha B. Leighl, Princess Margaret Cancer Centre, Toronto, Ontario, Canada; David F. McDermott, Beth Israel Deaconess Medical Center; Carole Seigel, Massachusetts General Hospital Cancer Center, Boston, MA; John A. Thompson, Seattle Cancer Care Alliance, University of Washington, and the Fred Hutchinson Cancer Research Center, Seattle, WA; and Tanyanika Phillips, CHRISTUS St Frances Cabrini Cancer Center, Alexandria, LA.",F,F,"https://www.google.com/search?q=Kelly+Brassil+.homepage.Julie+R.+Brahmer,+Johns+Hopkins+Kimmel+Cancer+Center;+Jennifer+S.+Mammen,+Johns+Hopkins+University,+Baltimore,+MD;+Christina+Lacchetti,+American+Society+of+Clinical+Oncology,+Alexandria;+Alexander+Spira,+Virginia+Cancer+Specialists+and+US+Oncology+Research,+Fairfax,+VA;+Bryan+J.+Schneider,+University+of+Michigan+Health+System,+Ann+Arbor,+MI;+Michael+B.+Atkins,+Georgetown+Lombardi+Comprehensive+Cancer+Center;+Cristina+A.+Reichner,+Georgetown+University;+Laura+D.+Porter,+Colon+Cancer+Alliance;+Washington,+DC;+Kelly+J.+Brassil,+Aung+Naing,+Loretta+J.+Nastoupil,+Maria+E.+Suarez-Almazor,+and+Yinghong+Wang,+MD+Anderson+Cancer+Center,+Houston,+TX;+Jeffrey+M.+Caterino,+The+Ohio+State+University+Wexner+Medical+Center,+Columbus,+OH;+Ian+Chau,+The+Royal+Marsden+Hospital+and+Institute+of+Cancer+Research,+London+and+Surrey,+United+Kingdom;+Marc+S.+Ernstoff+and+Igor+Puzanov,+Roswell+Park+Cancer+Institute,+Buffalo;+Bianca+D.+Santomasso+and+Jedd+D.+Wolchok,+Memorial+Sloan+Kettering+Cancer+Center;+Jeffrey+S.+Weber,+New+York+University+Langone+Medical+Center,+New+York,+NY;+Pamela+Ginex,+Oncology+Nursing+Society,+Pittsburgh,+PA;+Jennifer+M.+Gardner,+Seattle+Cancer+Care+Alliance+and+University+of+Washington,+Seattle,+WA;+Sigrun+Hallmeyer,+Oncology+Specialists+SC,+Park+Ridge,+IL;+Jennifer+Holter+Chakrabarty,+University+of+Oklahoma,+Stephenson+Cancer+Center,+Oklahoma+City,+OK;+Natasha+B.+Leighl,+Princess+Margaret+Cancer+Centre,+Toronto,+Ontario,+Canada;+David+F.+McDermott,+Beth+Israel+Deaconess+Medical+Center;+Carole+Seigel,+Massachusetts+General+Hospital+Cancer+Center,+Boston,+MA;+John+A.+Thompson,+Seattle+Cancer+Care+Alliance,+University+of+Washington,+and+the+Fred+Hutchinson+Cancer+Research+Center,+Seattle,+WA;+and+Tanyanika+Phillips,+CHRISTUS+St+Frances+Cabrini+Cancer+Center,+Alexandria,+LA."
150,Timoleon Anguita,"Department of Stem Cell Transplantation and Cellular Therapy, The University of Texas MD Anderson Cancer Center, Houston, Texas.",M,X,"https://www.google.com/search?q=Timoleon+Anguita+.homepage.Department+of+Stem+Cell+Transplantation+and+Cellular+Therapy,+The+University+of+Texas+MD+Anderson+Cancer+Center,+Houston,+Texas."
27,Digna Kool,"Erasmus MC-University Medical Center Rotterdam, Rotterdam, The Netherlands.",F,X,"https://www.google.com/search?q=Digna+Kool+.homepage.Erasmus+MC-University+Medical+Center+Rotterdam,+Rotterdam,+The+Netherlands."
87,Jason Haukoos,"Department of Emergency Medicine, Denver Health Medical Center, 777 Bannock Street, Mail Code 0108, Denver, CO 80204, USA. jason.haukoos@dhha.org",M,X,"https://www.google.com/search?q=Jason+Haukoos+.homepage.Department+of+Emergency+Medicine,+Denver+Health+Medical+Center,+777+Bannock+Street,+Mail+Code+0108,+Denver,+CO+80204,+USA.+jason.haukoos@dhha.org"
156,Himani Gupta,"Department of Medicine, William S. Middleton Memorial Veterans Hospital, Madison, WI.",F,F,"https://www.google.com/search?q=Himani+Gupta+.homepage.Department+of+Medicine,+William+S.+Middleton+Memorial+Veterans+Hospital,+Madison,+WI."
277,Robert Derlet,"Division of Emergency Medicine, Department of Internal Medicine, University of California-Davis School of Medicine, 2315 Stockton Boulevard, Davis, CA 95817, USA.",M,M,"https://www.google.com/search?q=Robert+Derlet+.homepage.Division+of+Emergency+Medicine,+Department+of+Internal+Medicine,+University+of+California-Davis+School+of+Medicine,+2315+Stockton+Boulevard,+Davis,+CA+95817,+USA."
142,Maria Petrucci,"Antonio Palumbo, Stefania Oliva, Simona Caltagirone, Sara Bringhen, and Francesca Gay, University of Torino, Azienda Ospedaliero-Universitaria Città della Salute della Salute e della Scienza di Torino; Roberto Passera, University of Torino, Torino; Massimo Offidani, Clinica di Ematologia, AUO Ospedali Riuniti di Ancona, Ancona; Pellegrino Musto, Istituto di Ricovero e Cura a Carattere Scientifico, Referral Cancer Center of Basilicata, Rionero in Vulture; Maria T. Petrucci, Sapienza University of Rome, Rome; Elena Zamagni and Michele Cavo, Istituto di Ematologia Seragnoli, Università di Bologna, Bologna, Italy; Hervé Avet-Loiseau and Michel Attal, Institut Claudius Regaud, L'Institut Universitaire du Cancer de Toulouse-Oncopole, Toulouse; Thierry Facon, Service des Maladies du Sang, Hôpital Claude Huriez, Centre Hospitalier Regionale et Universitaire Lille, Lille; Philippe Moreau, University Hospital Hotel-Dieu, Nantes, France; Henk M. Lokhorst, VU University Medical Center, Amsterdam; Pieter Sonneveld, Erasmus MC, Rotterdam, the Netherlands; Hartmut Goldschmidt, University Hospital and National Center for Tumor Diseases Heidelberg, Heidelberg, Germany; Laura Rosinol, Hospital Clínic, Institut Clínic d'Investigacions Biomèdiques Ausgust Pi i Sunyer, Barcelona; Juan José Lahuerta, Hospital Universitario 12 de Octubre, Madrid; Jésus San Miguel, Clínica Universidad de Navarra, Centro de Investigaciones Médicas Aplicadas, IDISNA, Pamplona, Spain; Paul Richardson and Kenneth C. Anderson, Jerome Lipper Multiple Myeloma Center, Dana-Farber Cancer Institute, Boston, MA; Shaji Kumar and S. Vincent Rajkumar, Mayo Clinic, Rochester, MN; Sagar Lonial, Winship Cancer Institute, Emory University, Atlanta, GA; Robert Z. Orlowski, The University of Texas MD Anderson Comprehensive Cancer Center, Houston, TX; Gareth Morgan, Myeloma Institutes for Research Therapy, University of Arkansas for Medical Sciences, Little Rock, AR; Brian G.M. Durie, Cedars-Sinai Comprehensive Canc",F,F,"https://www.google.com/search?q=Maria+Petrucci+.homepage.Antonio+Palumbo,+Stefania+Oliva,+Simona+Caltagirone,+Sara+Bringhen,+and+Francesca+Gay,+University+of+Torino,+Azienda+Ospedaliero-Universitaria+Città+della+Salute+della+Salute+e+della+Scienza+di+Torino;+Roberto+Passera,+University+of+Torino,+Torino;+Massimo+Offidani,+Clinica+di+Ematologia,+AUO+Ospedali+Riuniti+di+Ancona,+Ancona;+Pellegrino+Musto,+Istituto+di+Ricovero+e+Cura+a+Carattere+Scientifico,+Referral+Cancer+Center+of+Basilicata,+Rionero+in+Vulture;+Maria+T.+Petrucci,+Sapienza+University+of+Rome,+Rome;+Elena+Zamagni+and+Michele+Cavo,+Istituto+di+Ematologia+Seragnoli,+Università+di+Bologna,+Bologna,+Italy;+Hervé+Avet-Loiseau+and+Michel+Attal,+Institut+Claudius+Regaud,+L'Institut+Universitaire+du+Cancer+de+Toulouse-Oncopole,+Toulouse;+Thierry+Facon,+Service+des+Maladies+du+Sang,+Hôpital+Claude+Huriez,+Centre+Hospitalier+Regionale+et+Universitaire+Lille,+Lille;+Philippe+Moreau,+University+Hospital+Hotel-Dieu,+Nantes,+France;+Henk+M.+Lokhorst,+VU+University+Medical+Center,+Amsterdam;+Pieter+Sonneveld,+Erasmus+MC,+Rotterdam,+the+Netherlands;+Hartmut+Goldschmidt,+University+Hospital+and+National+Center+for+Tumor+Diseases+Heidelberg,+Heidelberg,+Germany;+Laura+Rosinol,+Hospital+Clínic,+Institut+Clínic+d'Investigacions+Biomèdiques+Ausgust+Pi+i+Sunyer,+Barcelona;+Juan+José+Lahuerta,+Hospital+Universitario+12+de+Octubre,+Madrid;+Jésus+San+Miguel,+Clínica+Universidad+de+Navarra,+Centro+de+Investigaciones+Médicas+Aplicadas,+IDISNA,+Pamplona,+Spain;+Paul+Richardson+and+Kenneth+C.+Anderson,+Jerome+Lipper+Multiple+Myeloma+Center,+Dana-Farber+Cancer+Institute,+Boston,+MA;+Shaji+Kumar+and+S.+Vincent+Rajkumar,+Mayo+Clinic,+Rochester,+MN;+Sagar+Lonial,+Winship+Cancer+Institute,+Emory+University,+Atlanta,+GA;+Robert+Z.+Orlowski,+The+University+of+Texas+MD+Anderson+Comprehensive+Cancer+Center,+Houston,+TX;+Gareth+Morgan,+Myeloma+Institutes+for+Research+Therapy,+University+of+Arkansas+for+Medical+Sciences,+Little+Rock,+AR;+Brian+G.M.+Durie,+Cedars-Sinai+Comprehensive+Canc"
225,Christian Gisselbrecht,"Department of Internal Medicine III, University of Munich, Germany.",M,X,"https://www.google.com/search?q=Christian+Gisselbrecht+.homepage.Department+of+Internal+Medicine+III,+University+of+Munich,+Germany."
242,Cassandra Schamber,"Fairview Pain and Palliative Care Center, University of Minnesota Medical Center and Department of Neurology, University of Minnesota Medical School, Minneapolis, 55454, USA. mbelgra1@fairview.org",F,F,"https://www.google.com/search?q=Cassandra+Schamber+.homepage.Fairview+Pain+and+Palliative+Care+Center,+University+of+Minnesota+Medical+Center+and+Department+of+Neurology,+University+of+Minnesota+Medical+School,+Minneapolis,+55454,+USA.+mbelgra1@fairview.org"
16,Brett Ley,"Department of Medicine, University of California, San Francisco, 505 Parnassus Avenue, Box 0111, San Francisco, CA 94143, USA. brett.ley@ucsf.edu",M,M,"https://www.google.com/search?q=Brett+Ley+.homepage.Department+of+Medicine,+University+of+California,+San+Francisco,+505+Parnassus+Avenue,+Box+0111,+San+Francisco,+CA+94143,+USA.+brett.ley@ucsf.edu"
217,Aline Staccini,"National Cancer Institute, Milan, Italy.",F,X,"https://www.google.com/search?q=Aline+Staccini+.homepage.National+Cancer+Institute,+Milan,+Italy."
88,Dylan Flaws,"Christchurch Hospital, Christchurch, New Zealand. martinthan@xtra.co.nz",M,M,"https://www.google.com/search?q=Dylan+Flaws+.homepage.Christchurch+Hospital,+Christchurch,+New+Zealand.+martinthan@xtra.co.nz"
65,Christina Lacchetti,"Julie R. Brahmer, Johns Hopkins Kimmel Cancer Center; Jennifer S. Mammen, Johns Hopkins University, Baltimore, MD; Christina Lacchetti, American Society of Clinical Oncology, Alexandria; Alexander Spira, Virginia Cancer Specialists and US Oncology Research, Fairfax, VA; Bryan J. Schneider, University of Michigan Health System, Ann Arbor, MI; Michael B. Atkins, Georgetown Lombardi Comprehensive Cancer Center; Cristina A. Reichner, Georgetown University; Laura D. Porter, Colon Cancer Alliance; Washington, DC; Kelly J. Brassil, Aung Naing, Loretta J. Nastoupil, Maria E. Suarez-Almazor, and Yinghong Wang, MD Anderson Cancer Center, Houston, TX; Jeffrey M. Caterino, The Ohio State University Wexner Medical Center, Columbus, OH; Ian Chau, The Royal Marsden Hospital and Institute of Cancer Research, London and Surrey, United Kingdom; Marc S. Ernstoff and Igor Puzanov, Roswell Park Cancer Institute, Buffalo; Bianca D. Santomasso and Jedd D. Wolchok, Memorial Sloan Kettering Cancer Center; Jeffrey S. Weber, New York University Langone Medical Center, New York, NY; Pamela Ginex, Oncology Nursing Society, Pittsburgh, PA; Jennifer M. Gardner, Seattle Cancer Care Alliance and University of Washington, Seattle, WA; Sigrun Hallmeyer, Oncology Specialists SC, Park Ridge, IL; Jennifer Holter Chakrabarty, University of Oklahoma, Stephenson Cancer Center, Oklahoma City, OK; Natasha B. Leighl, Princess Margaret Cancer Centre, Toronto, Ontario, Canada; David F. McDermott, Beth Israel Deaconess Medical Center; Carole Seigel, Massachusetts General Hospital Cancer Center, Boston, MA; John A. Thompson, Seattle Cancer Care Alliance, University of Washington, and the Fred Hutchinson Cancer Research Center, Seattle, WA; and Tanyanika Phillips, CHRISTUS St Frances Cabrini Cancer Center, Alexandria, LA.",F,X,"https://www.google.com/search?q=Christina+Lacchetti+.homepage.Julie+R.+Brahmer,+Johns+Hopkins+Kimmel+Cancer+Center;+Jennifer+S.+Mammen,+Johns+Hopkins+University,+Baltimore,+MD;+Christina+Lacchetti,+American+Society+of+Clinical+Oncology,+Alexandria;+Alexander+Spira,+Virginia+Cancer+Specialists+and+US+Oncology+Research,+Fairfax,+VA;+Bryan+J.+Schneider,+University+of+Michigan+Health+System,+Ann+Arbor,+MI;+Michael+B.+Atkins,+Georgetown+Lombardi+Comprehensive+Cancer+Center;+Cristina+A.+Reichner,+Georgetown+University;+Laura+D.+Porter,+Colon+Cancer+Alliance;+Washington,+DC;+Kelly+J.+Brassil,+Aung+Naing,+Loretta+J.+Nastoupil,+Maria+E.+Suarez-Almazor,+and+Yinghong+Wang,+MD+Anderson+Cancer+Center,+Houston,+TX;+Jeffrey+M.+Caterino,+The+Ohio+State+University+Wexner+Medical+Center,+Columbus,+OH;+Ian+Chau,+The+Royal+Marsden+Hospital+and+Institute+of+Cancer+Research,+London+and+Surrey,+United+Kingdom;+Marc+S.+Ernstoff+and+Igor+Puzanov,+Roswell+Park+Cancer+Institute,+Buffalo;+Bianca+D.+Santomasso+and+Jedd+D.+Wolchok,+Memorial+Sloan+Kettering+Cancer+Center;+Jeffrey+S.+Weber,+New+York+University+Langone+Medical+Center,+New+York,+NY;+Pamela+Ginex,+Oncology+Nursing+Society,+Pittsburgh,+PA;+Jennifer+M.+Gardner,+Seattle+Cancer+Care+Alliance+and+University+of+Washington,+Seattle,+WA;+Sigrun+Hallmeyer,+Oncology+Specialists+SC,+Park+Ridge,+IL;+Jennifer+Holter+Chakrabarty,+University+of+Oklahoma,+Stephenson+Cancer+Center,+Oklahoma+City,+OK;+Natasha+B.+Leighl,+Princess+Margaret+Cancer+Centre,+Toronto,+Ontario,+Canada;+David+F.+McDermott,+Beth+Israel+Deaconess+Medical+Center;+Carole+Seigel,+Massachusetts+General+Hospital+Cancer+Center,+Boston,+MA;+John+A.+Thompson,+Seattle+Cancer+Care+Alliance,+University+of+Washington,+and+the+Fred+Hutchinson+Cancer+Research+Center,+Seattle,+WA;+and+Tanyanika+Phillips,+CHRISTUS+St+Frances+Cabrini+Cancer+Center,+Alexandria,+LA."
150,Muzaffar Qazilbash,"Department of Stem Cell Transplantation and Cellular Therapy, The University of Texas MD Anderson Cancer Center, Houston, Texas.",M,M,"https://www.google.com/search?q=Muzaffar+Qazilbash+.homepage.Department+of+Stem+Cell+Transplantation+and+Cellular+Therapy,+The+University+of+Texas+MD+Anderson+Cancer+Center,+Houston,+Texas."
148,Sarah Pirrie,"Authors' Affiliations: School of Cancer Sciences; Cancer Research UK Clinical Trials Unit, School of Cancer Sciences, University of Birmingham, Birmingham; Department of Molecular and Clinical Cancer Medicine; Liverpool Cancer Research UK Centre, Liverpool Cancer Trials Unit, University of Liverpool, Liverpool; Northern Institute for Cancer Research, Newcastle University; Northern Centre for Cancer Care, Newcastle Hospitals NHS Foundation Trust, Newcastle upon Tyne, United Kingdom; and Wako Life Sciences, Inc., Mountain View, California.",F,F,"https://www.google.com/search?q=Sarah+Pirrie+.homepage.Authors'+Affiliations:+School+of+Cancer+Sciences;+Cancer+Research+UK+Clinical+Trials+Unit,+School+of+Cancer+Sciences,+University+of+Birmingham,+Birmingham;+Department+of+Molecular+and+Clinical+Cancer+Medicine;+Liverpool+Cancer+Research+UK+Centre,+Liverpool+Cancer+Trials+Unit,+University+of+Liverpool,+Liverpool;+Northern+Institute+for+Cancer+Research,+Newcastle+University;+Northern+Centre+for+Cancer+Care,+Newcastle+Hospitals+NHS+Foundation+Trust,+Newcastle+upon+Tyne,+United+Kingdom;+and+Wako+Life+Sciences,+Inc.,+Mountain+View,+California."
96,Sunil Rao,"Cardiovascular Division, Washington University School of Medicine, St Louis, MO 63110, USA.",M,M,"https://www.google.com/search?q=Sunil+Rao+.homepage.Cardiovascular+Division,+Washington+University+School+of+Medicine,+St+Louis,+MO+63110,+USA."
19,Flavia Machado,"Cooper University Hospital, Camden, New Jersey, USA. Dellinger-Phil@CooperHealth.edu",F,F,"https://www.google.com/search?q=Flavia+Machado+.homepage.Cooper+University+Hospital,+Camden,+New+Jersey,+USA.+Dellinger-Phil@CooperHealth.edu"
5,Mel Herbert,"UCLA Emergency Medicine Center, UCLA School of Medicine, Los Angeles, CA 90024, USA. wmower@ucla.edu",M,M,"https://www.google.com/search?q=Mel+Herbert+.homepage.UCLA+Emergency+Medicine+Center,+UCLA+School+of+Medicine,+Los+Angeles,+CA+90024,+USA.+wmower@ucla.edu"
217,Ilka Boin,"National Cancer Institute, Milan, Italy.",F,F,"https://www.google.com/search?q=Ilka+Boin+.homepage.National+Cancer+Institute,+Milan,+Italy."
231,Hans-Peter Dienes,"Department of Medicine, University Medical Centre Hamburg Eppendorf, Germany.",M,X,"https://www.google.com/search?q=Hans-Peter+Dienes+.homepage.Department+of+Medicine,+University+Medical+Centre+Hamburg+Eppendorf,+Germany."
35,Ann Steinmetz,"Strong Memorial Hospital, Rochester, New York, USA.",F,F,"https://www.google.com/search?q=Ann+Steinmetz+.homepage.Strong+Memorial+Hospital,+Rochester,+New+York,+USA."
198,Antoni Serrat,"Department of Anesthesiology, Hospital Universitari Germans Trias i Pujol, Universitat Autònoma de Barcelona, Badalona, Spain. jcanet.germanstrias@gencat.cat",M,X,"https://www.google.com/search?q=Antoni+Serrat+.homepage.Department+of+Anesthesiology,+Hospital+Universitari+Germans+Trias+i+Pujol,+Universitat+Autònoma+de+Barcelona,+Badalona,+Spain.+jcanet.germanstrias@gencat.cat"
82,Lama Alameddine,"Department of Neurology, University of California, San Francisco, San Francisco, California.",F,F,"https://www.google.com/search?q=Lama+Alameddine+.homepage.Department+of+Neurology,+University+of+California,+San+Francisco,+San+Francisco,+California."
208,Ron Pisters,"Department of Cardiology, Maastricht University Medical Centre, Maastricht, The Netherlands.",M,X,"https://www.google.com/search?q=Ron+Pisters+.homepage.Department+of+Cardiology,+Maastricht+University+Medical+Centre,+Maastricht,+The+Netherlands."
34,Ashira Johnson,"University of California Davis Medical Center, Sacramento, CA, USA. sweiss52@aol.com",F,X,"https://www.google.com/search?q=Ashira+Johnson+.homepage.University+of+California+Davis+Medical+Center,+Sacramento,+CA,+USA.+sweiss52@aol.com"
101,Russell Wiesner,"Division of Gastroenterology and Hepatology, Mayo Clinic College of Medicine, Rochester, MN 55905, USA. kim.ray@mayo.edu",M,X,"https://www.google.com/search?q=Russell+Wiesner+.homepage.Division+of+Gastroenterology+and+Hepatology,+Mayo+Clinic+College+of+Medicine,+Rochester,+MN+55905,+USA.+kim.ray@mayo.edu"
198,Nuria Guilera,"Department of Anesthesiology, Hospital Universitari Germans Trias i Pujol, Universitat Autònoma de Barcelona, Badalona, Spain. jcanet.germanstrias@gencat.cat",F,F,"https://www.google.com/search?q=Nuria+Guilera+.homepage.Department+of+Anesthesiology,+Hospital+Universitari+Germans+Trias+i+Pujol,+Universitat+Autònoma+de+Barcelona,+Badalona,+Spain.+jcanet.germanstrias@gencat.cat"
256,William Bamlet,"Division of Critical Care Neurology, Mayo Clinic College of Medicine, Rochester, MN 55905, USA. wijde@mayo.edu",M,X,"https://www.google.com/search?q=William+Bamlet+.homepage.Division+of+Critical+Care+Neurology,+Mayo+Clinic+College+of+Medicine,+Rochester,+MN+55905,+USA.+wijde@mayo.edu"
229,Lindsay Grayson,"Departments of 1Infectious Diseases and 2Respiratory and Sleep Medicine, Austin Health, Heidelberg, VIC 3084, Australia. patrick.charles@austin.org.au",F,M,"https://www.google.com/search?q=Lindsay+Grayson+.homepage.Departments+of+1Infectious+Diseases+and+2Respiratory+and+Sleep+Medicine,+Austin+Health,+Heidelberg,+VIC+3084,+Australia.+patrick.charles@austin.org.au"
142,Pellegrino Musto,"Antonio Palumbo, Stefania Oliva, Simona Caltagirone, Sara Bringhen, and Francesca Gay, University of Torino, Azienda Ospedaliero-Universitaria Città della Salute della Salute e della Scienza di Torino; Roberto Passera, University of Torino, Torino; Massimo Offidani, Clinica di Ematologia, AUO Ospedali Riuniti di Ancona, Ancona; Pellegrino Musto, Istituto di Ricovero e Cura a Carattere Scientifico, Referral Cancer Center of Basilicata, Rionero in Vulture; Maria T. Petrucci, Sapienza University of Rome, Rome; Elena Zamagni and Michele Cavo, Istituto di Ematologia Seragnoli, Università di Bologna, Bologna, Italy; Hervé Avet-Loiseau and Michel Attal, Institut Claudius Regaud, L'Institut Universitaire du Cancer de Toulouse-Oncopole, Toulouse; Thierry Facon, Service des Maladies du Sang, Hôpital Claude Huriez, Centre Hospitalier Regionale et Universitaire Lille, Lille; Philippe Moreau, University Hospital Hotel-Dieu, Nantes, France; Henk M. Lokhorst, VU University Medical Center, Amsterdam; Pieter Sonneveld, Erasmus MC, Rotterdam, the Netherlands; Hartmut Goldschmidt, University Hospital and National Center for Tumor Diseases Heidelberg, Heidelberg, Germany; Laura Rosinol, Hospital Clínic, Institut Clínic d'Investigacions Biomèdiques Ausgust Pi i Sunyer, Barcelona; Juan José Lahuerta, Hospital Universitario 12 de Octubre, Madrid; Jésus San Miguel, Clínica Universidad de Navarra, Centro de Investigaciones Médicas Aplicadas, IDISNA, Pamplona, Spain; Paul Richardson and Kenneth C. Anderson, Jerome Lipper Multiple Myeloma Center, Dana-Farber Cancer Institute, Boston, MA; Shaji Kumar and S. Vincent Rajkumar, Mayo Clinic, Rochester, MN; Sagar Lonial, Winship Cancer Institute, Emory University, Atlanta, GA; Robert Z. Orlowski, The University of Texas MD Anderson Comprehensive Cancer Center, Houston, TX; Gareth Morgan, Myeloma Institutes for Research Therapy, University of Arkansas for Medical Sciences, Little Rock, AR; Brian G.M. Durie, Cedars-Sinai Comprehensive Canc",M,X,"https://www.google.com/search?q=Pellegrino+Musto+.homepage.Antonio+Palumbo,+Stefania+Oliva,+Simona+Caltagirone,+Sara+Bringhen,+and+Francesca+Gay,+University+of+Torino,+Azienda+Ospedaliero-Universitaria+Città+della+Salute+della+Salute+e+della+Scienza+di+Torino;+Roberto+Passera,+University+of+Torino,+Torino;+Massimo+Offidani,+Clinica+di+Ematologia,+AUO+Ospedali+Riuniti+di+Ancona,+Ancona;+Pellegrino+Musto,+Istituto+di+Ricovero+e+Cura+a+Carattere+Scientifico,+Referral+Cancer+Center+of+Basilicata,+Rionero+in+Vulture;+Maria+T.+Petrucci,+Sapienza+University+of+Rome,+Rome;+Elena+Zamagni+and+Michele+Cavo,+Istituto+di+Ematologia+Seragnoli,+Università+di+Bologna,+Bologna,+Italy;+Hervé+Avet-Loiseau+and+Michel+Attal,+Institut+Claudius+Regaud,+L'Institut+Universitaire+du+Cancer+de+Toulouse-Oncopole,+Toulouse;+Thierry+Facon,+Service+des+Maladies+du+Sang,+Hôpital+Claude+Huriez,+Centre+Hospitalier+Regionale+et+Universitaire+Lille,+Lille;+Philippe+Moreau,+University+Hospital+Hotel-Dieu,+Nantes,+France;+Henk+M.+Lokhorst,+VU+University+Medical+Center,+Amsterdam;+Pieter+Sonneveld,+Erasmus+MC,+Rotterdam,+the+Netherlands;+Hartmut+Goldschmidt,+University+Hospital+and+National+Center+for+Tumor+Diseases+Heidelberg,+Heidelberg,+Germany;+Laura+Rosinol,+Hospital+Clínic,+Institut+Clínic+d'Investigacions+Biomèdiques+Ausgust+Pi+i+Sunyer,+Barcelona;+Juan+José+Lahuerta,+Hospital+Universitario+12+de+Octubre,+Madrid;+Jésus+San+Miguel,+Clínica+Universidad+de+Navarra,+Centro+de+Investigaciones+Médicas+Aplicadas,+IDISNA,+Pamplona,+Spain;+Paul+Richardson+and+Kenneth+C.+Anderson,+Jerome+Lipper+Multiple+Myeloma+Center,+Dana-Farber+Cancer+Institute,+Boston,+MA;+Shaji+Kumar+and+S.+Vincent+Rajkumar,+Mayo+Clinic,+Rochester,+MN;+Sagar+Lonial,+Winship+Cancer+Institute,+Emory+University,+Atlanta,+GA;+Robert+Z.+Orlowski,+The+University+of+Texas+MD+Anderson+Comprehensive+Cancer+Center,+Houston,+TX;+Gareth+Morgan,+Myeloma+Institutes+for+Research+Therapy,+University+of+Arkansas+for+Medical+Sciences,+Little+Rock,+AR;+Brian+G.M.+Durie,+Cedars-Sinai+Comprehensive+Canc"
147,Kelsey Hills-Evans,"Psychiatry, Internal Medicine, Surgery, & Emergency Medicine, Stanford University School of Medicine, Stanford, CA, USA. Electronic address: jrm@stanford.edu.",F,F,"https://www.google.com/search?q=Kelsey+Hills-Evans+.homepage.Psychiatry,+Internal+Medicine,+Surgery,+&+Emergency+Medicine,+Stanford+University+School+of+Medicine,+Stanford,+CA,+USA.+Electronic+address:+jrm@stanford.edu."
63,Igor Puzanov,"Julie R. Brahmer, Johns Hopkins Kimmel Cancer Center; Jennifer S. Mammen, Johns Hopkins University, Baltimore, MD; Christina Lacchetti, American Society of Clinical Oncology, Alexandria; Alexander Spira, Virginia Cancer Specialists and US Oncology Research, Fairfax, VA; Bryan J. Schneider, University of Michigan Health System, Ann Arbor, MI; Michael B. Atkins, Georgetown Lombardi Comprehensive Cancer Center; Cristina A. Reichner, Georgetown University; Laura D. Porter, Colon Cancer Alliance; Washington, DC; Kelly J. Brassil, Aung Naing, Loretta J. Nastoupil, Maria E. Suarez-Almazor, and Yinghong Wang, MD Anderson Cancer Center, Houston, TX; Jeffrey M. Caterino, The Ohio State University Wexner Medical Center, Columbus, OH; Ian Chau, The Royal Marsden Hospital and Institute of Cancer Research, London and Surrey, United Kingdom; Marc S. Ernstoff and Igor Puzanov, Roswell Park Cancer Institute, Buffalo; Bianca D. Santomasso and Jedd D. Wolchok, Memorial Sloan Kettering Cancer Center; Jeffrey S. Weber, New York University Langone Medical Center, New York, NY; Pamela Ginex, Oncology Nursing Society, Pittsburgh, PA; Jennifer M. Gardner, Seattle Cancer Care Alliance and University of Washington, Seattle, WA; Sigrun Hallmeyer, Oncology Specialists SC, Park Ridge, IL; Jennifer Holter Chakrabarty, University of Oklahoma, Stephenson Cancer Center, Oklahoma City, OK; Natasha B. Leighl, Princess Margaret Cancer Centre, Toronto, Ontario, Canada; David F. McDermott, Beth Israel Deaconess Medical Center; Carole Seigel, Massachusetts General Hospital Cancer Center, Boston, MA; John A. Thompson, Seattle Cancer Care Alliance, University of Washington, and the Fred Hutchinson Cancer Research Center, Seattle, WA; and Tanyanika Phillips, CHRISTUS St Frances Cabrini Cancer Center, Alexandria, LA.",M,X,"https://www.google.com/search?q=Igor+Puzanov+.homepage.Julie+R.+Brahmer,+Johns+Hopkins+Kimmel+Cancer+Center;+Jennifer+S.+Mammen,+Johns+Hopkins+University,+Baltimore,+MD;+Christina+Lacchetti,+American+Society+of+Clinical+Oncology,+Alexandria;+Alexander+Spira,+Virginia+Cancer+Specialists+and+US+Oncology+Research,+Fairfax,+VA;+Bryan+J.+Schneider,+University+of+Michigan+Health+System,+Ann+Arbor,+MI;+Michael+B.+Atkins,+Georgetown+Lombardi+Comprehensive+Cancer+Center;+Cristina+A.+Reichner,+Georgetown+University;+Laura+D.+Porter,+Colon+Cancer+Alliance;+Washington,+DC;+Kelly+J.+Brassil,+Aung+Naing,+Loretta+J.+Nastoupil,+Maria+E.+Suarez-Almazor,+and+Yinghong+Wang,+MD+Anderson+Cancer+Center,+Houston,+TX;+Jeffrey+M.+Caterino,+The+Ohio+State+University+Wexner+Medical+Center,+Columbus,+OH;+Ian+Chau,+The+Royal+Marsden+Hospital+and+Institute+of+Cancer+Research,+London+and+Surrey,+United+Kingdom;+Marc+S.+Ernstoff+and+Igor+Puzanov,+Roswell+Park+Cancer+Institute,+Buffalo;+Bianca+D.+Santomasso+and+Jedd+D.+Wolchok,+Memorial+Sloan+Kettering+Cancer+Center;+Jeffrey+S.+Weber,+New+York+University+Langone+Medical+Center,+New+York,+NY;+Pamela+Ginex,+Oncology+Nursing+Society,+Pittsburgh,+PA;+Jennifer+M.+Gardner,+Seattle+Cancer+Care+Alliance+and+University+of+Washington,+Seattle,+WA;+Sigrun+Hallmeyer,+Oncology+Specialists+SC,+Park+Ridge,+IL;+Jennifer+Holter+Chakrabarty,+University+of+Oklahoma,+Stephenson+Cancer+Center,+Oklahoma+City,+OK;+Natasha+B.+Leighl,+Princess+Margaret+Cancer+Centre,+Toronto,+Ontario,+Canada;+David+F.+McDermott,+Beth+Israel+Deaconess+Medical+Center;+Carole+Seigel,+Massachusetts+General+Hospital+Cancer+Center,+Boston,+MA;+John+A.+Thompson,+Seattle+Cancer+Care+Alliance,+University+of+Washington,+and+the+Fred+Hutchinson+Cancer+Research+Center,+Seattle,+WA;+and+Tanyanika+Phillips,+CHRISTUS+St+Frances+Cabrini+Cancer+Center,+Alexandria,+LA."
129,Yvonne Mowery,"Department of Head and Neck Surgery & Communication Sciences, Duke University Medical Center, Durham, NC, USA; Department of Radiation Oncology, Duke University Medical Center, Durham, NC, USA. Electronic address: Yvonne.Mowery@duke.edu.",F,F,"https://www.google.com/search?q=Yvonne+Mowery+.homepage.Department+of+Head+and+Neck+Surgery+&+Communication+Sciences,+Duke+University+Medical+Center,+Durham,+NC,+USA;+Department+of+Radiation+Oncology,+Duke+University+Medical+Center,+Durham,+NC,+USA.+Electronic+address:+Yvonne.Mowery@duke.edu."
19,Steve Webb,"Cooper University Hospital, Camden, New Jersey, USA. Dellinger-Phil@CooperHealth.edu",M,X,"https://www.google.com/search?q=Steve+Webb+.homepage.Cooper+University+Hospital,+Camden,+New+Jersey,+USA.+Dellinger-Phil@CooperHealth.edu"
87,Emily Hopkins,"Department of Emergency Medicine, Denver Health Medical Center, 777 Bannock Street, Mail Code 0108, Denver, CO 80204, USA. jason.haukoos@dhha.org",F,X,"https://www.google.com/search?q=Emily+Hopkins+.homepage.Department+of+Emergency+Medicine,+Denver+Health+Medical+Center,+777+Bannock+Street,+Mail+Code+0108,+Denver,+CO+80204,+USA.+jason.haukoos@dhha.org"
82,John Betjemann,"Department of Neurology, University of California, San Francisco, San Francisco, California.",M,M,"https://www.google.com/search?q=John+Betjemann+.homepage.Department+of+Neurology,+University+of+California,+San+Francisco,+San+Francisco,+California."
198,Elena Hernando,"Department of Anesthesiology, Hospital Universitari Germans Trias i Pujol, Universitat Autònoma de Barcelona, Badalona, Spain. jcanet.germanstrias@gencat.cat",F,X,"https://www.google.com/search?q=Elena+Hernando+.homepage.Department+of+Anesthesiology,+Hospital+Universitari+Germans+Trias+i+Pujol,+Universitat+Autònoma+de+Barcelona,+Badalona,+Spain.+jcanet.germanstrias@gencat.cat"
189,François Guilhot,"Institut für Medizinische Informationsverarbeitung, Biometrie und Epidemiologie, Ludwig-Maximilians-Universität, München, Germany. has@ibe.med.uni-muenchen.de",M,M,"https://www.google.com/search?q=François+Guilhot+.homepage.Institut+für+Medizinische+Informationsverarbeitung,+Biometrie+und+Epidemiologie,+Ludwig-Maximilians-Universität,+München,+Germany.+has@ibe.med.uni-muenchen.de"
93,Susan Furth,"Department of Pediatrics, University of Rochester School of Medicine, Rochester, NY 14642, USA. george_schwartz@urmc.rochester.edu",F,F,"https://www.google.com/search?q=Susan+Furth+.homepage.Department+of+Pediatrics,+University+of+Rochester+School+of+Medicine,+Rochester,+NY+14642,+USA.+george_schwartz@urmc.rochester.edu"
149,Paul Coppo,"Hôpital St. Antoine, AP-HP, and Université Pierre et Marie Curie Paris 6, Paris, France.",M,X,"https://www.google.com/search?q=Paul+Coppo+.homepage.Hôpital+St.+Antoine,+AP-HP,+and+Université+Pierre+et+Marie+Curie+Paris+6,+Paris,+France."
198,Isabel Arias,"Department of Anesthesiology, Hospital Universitari Germans Trias i Pujol, Universitat Autònoma de Barcelona, Badalona, Spain. jcanet.germanstrias@gencat.cat",F,X,"https://www.google.com/search?q=Isabel+Arias+.homepage.Department+of+Anesthesiology,+Hospital+Universitari+Germans+Trias+i+Pujol,+Universitat+Autònoma+de+Barcelona,+Badalona,+Spain.+jcanet.germanstrias@gencat.cat"